filename,H,L
l12_1,QVQLVESGGEVVKPGGSLRLSCAASGFTFSSYYMSWVRQAPGKGLEWVGWIYSSGNTNYAQSFKGRVTISRDTSKNTLYLEMNSLRSEDTAVYYCARGGYGYGYFDVWGQGTLVTVSS,DIVLTQSPSLSASPGDRVTISCRASQSGISNYLAWYQQKPGKAPKLLIYGASSRPSGVPDRFSGSGSGTDFTLTISGLQPEDEADYYCQQYDSSPWTFGGGTKLEIK
l12_2,QVQLVESGGEVVKPGGSLRLSCAASGFTFSSYYMSWVRQAPGKGLEWVGWIYSSGNTNYAQSFKGRVTISRDTSKNTLYLEMNSLRSEDTAVYYCARDYGSSYAMDYWGQGTLVTVSS,DIVLTQSPSLSASPGDRVTISCRASQSGISNYLAWYQQKPGKAPKLLIYGASSRPSGVPDRFSGSGSGTDFTLTISGLQPEDEADYYCQQYDSSPWTFGGGTKLEIK
l12_3,QVQLVESGGEVVKPGGSLRLSCAASGFTFSSYYMSWVRQAPGKGLEWVGWIYSSGNTNYAQSFKGRVTISRDTSKNTLYLEMNSLRSEDTAVYYCARFGDYYGYFDVWGQGTLVTVSS,DIVLTQSPSLSASPGDRVTISCRASQSGISNYLAWYQQKPGKAPKLLIYGASSRPSGVPDRFSGSGSGTDFTLTISGLQPEDEADYYCQQYDSSPWTFGGGTKLEIK
l12_4,QVQLVESGGEVVKPGGSLRLSCAASGFTFSSYYMSWVRQAPGKGLEWVGWIYSSGNTNYAQSFKGRVTISRDTSKNTLYLEMNSLRSEDTAVYYCARLYDYGYAMDYWGQGTLVTVSS,DIVLTQSPSLSASPGDRVTISCRASQSGISNYLAWYQQKPGKAPKLLIYGASSRPSGVPDRFSGSGSGTDFTLTISGLQPEDEADYYCQQYDSSPWTFGGGTKLEIK
l12_5,QVQLVESGGEVVKPGGSLRLSCAASGFTFSSYYMSWVRQAPGKGLEWVGWIYSSGNTNYAQSFKGRVTISRDTSKNTLYLEMNSLRSEDTAVYYCARGYDYGYYFDVWGQGTLVTVSS,DIVLTQSPSLSASPGDRVTISCRASQSGISNYLAWYQQKPGKAPKLLIYGASSRPSGVPDRFSGSGSGTDFTLTISGLQPEDEADYYCQQYDSSPWTFGGGTKLEIK
l12_6,QVQLVESGGEVVKPGGSLRLSCAASGFTFSSYYMSWVRQAPGKGLEWVGWIYSSGNTNYAQSFKGRVTISRDTSKNTLYLEMNSLRSEDTAVYYCARDFDYYGYFDVWGQGTLVTVSS,DIVLTQSPSLSASPGDRVTISCRASQSGISNYLAWYQQKPGKAPKLLIYGASSRPSGVPDRFSGSGSGTDFTLTISGLQPEDEADYYCQQYDSSPWTFGGGTKLEIK
l12_7,QVQLVESGGEVVKPGGSLRLSCAASGFTFSSYYMSWVRQAPGKGLEWVGWIYSSGNTNYAQSFKGRVTISRDTSKNTLYLEMNSLRSEDTAVYYCARRDYGYGGFDYWGQGTLVTVSS,DIVLTQSPSLSASPGDRVTISCRASQSGISNYLAWYQQKPGKAPKLLIYGASSRPSGVPDRFSGSGSGTDFTLTISGLQPEDEADYYCQQYDSSPWTFGGGTKLEIK
l12_8,QVQLVESGGEVVKPGGSLRLSCAASGFTFSSYYMSWVRQAPGKGLEWVGWIYSSGNTNYAQSFKGRVTISRDTSKNTLYLEMNSLRSEDTAVYYCARLYYDGYGMDYWGQGTLVTVSS,DIVLTQSPSLSASPGDRVTISCRASQSGISNYLAWYQQKPGKAPKLLIYGASSRPSGVPDRFSGSGSGTDFTLTISGLQPEDEADYYCQQYDSSPWTFGGGTKLEIK
l12_9,QVQLVESGGEVVKPGGSLRLSCAASGFTFSSYYMSWVRQAPGKGLEWVGWIYSSGNTNYAQSFKGRVTISRDTSKNTLYLEMNSLRSEDTAVYYCARDYYSSYAMDYWGQGTLVTVSS,DIVLTQSPSLSASPGDRVTISCRASQSGISNYLAWYQQKPGKAPKLLIYGASSRPSGVPDRFSGSGSGTDFTLTISGLQPEDEADYYCQQYDSSPWTFGGGTKLEIK
l12_10,QVQLVESGGEVVKPGGSLRLSCAASGFTFSSYYMSWVRQAPGKGLEWVGWIYSSGNTNYAQSFKGRVTISRDTSKNTLYLEMNSLRSEDTAVYYCAREYGNYYYFDVWGQGTLVTVSS,DIVLTQSPSLSASPGDRVTISCRASQSGISNYLAWYQQKPGKAPKLLIYGASSRPSGVPDRFSGSGSGTDFTLTISGLQPEDEADYYCQQYDSSPWTFGGGTKLEIK
l12_11,QVQLVESGGEVVKPGGSLRLSCAASGFTFSSYYMSWVRQAPGKGLEWVGWIYSSGNTNYAQSFKGRVTISRDTSKNTLYLEMNSLRSEDTAVYYCARGKYDGYAMDYWGQGTLVTVSS,DIVLTQSPSLSASPGDRVTISCRASQSGISNYLAWYQQKPGKAPKLLIYGASSRPSGVPDRFSGSGSGTDFTLTISGLQPEDEADYYCQQYDSSPWTFGGGTKLEIK
l12_12,QVQLVESGGEVVKPGGSLRLSCAASGFTFSSYYMSWVRQAPGKGLEWVGWIYSSGNTNYAQSFKGRVTISRDTSKNTLYLEMNSLRSEDTAVYYCARDRYDYGGLDYWGQGTLVTVSS,DIVLTQSPSLSASPGDRVTISCRASQSGISNYLAWYQQKPGKAPKLLIYGASSRPSGVPDRFSGSGSGTDFTLTISGLQPEDEADYYCQQYDSSPWTFGGGTKLEIK
l12_13,QVQLVESGGEVVKPGGSLRLSCAASGFTFSSYYMSWVRQAPGKGLEWVGWIYSSGNTNYAQSFKGRVTISRDTSKNTLYLEMNSLRSEDTAVYYCARLGYYGYYFDYWGQGTLVTVSS,DIVLTQSPSLSASPGDRVTISCRASQSGISNYLAWYQQKPGKAPKLLIYGASSRPSGVPDRFSGSGSGTDFTLTISGLQPEDEADYYCQQYDSSPWTFGGGTKLEIK
l12_14,QVQLVESGGEVVKPGGSLRLSCAASGFTFSSYYMSWVRQAPGKGLEWVGWIYSSGNTNYAQSFKGRVTISRDTSKNTLYLEMNSLRSEDTAVYYCAREGYSDYAMDYWGQGTLVTVSS,DIVLTQSPSLSASPGDRVTISCRASQSGISNYLAWYQQKPGKAPKLLIYGASSRPSGVPDRFSGSGSGTDFTLTISGLQPEDEADYYCQQYDSSPWTFGGGTKLEIK
l12_15,QVQLVESGGEVVKPGGSLRLSCAASGFTFSSYYMSWVRQAPGKGLEWVGWIYSSGNTNYAQSFKGRVTISRDTSKNTLYLEMNSLRSEDTAVYYCARDGYYYDGFDYWGQGTLVTVSS,DIVLTQSPSLSASPGDRVTISCRASQSGISNYLAWYQQKPGKAPKLLIYGASSRPSGVPDRFSGSGSGTDFTLTISGLQPEDEADYYCQQYDSSPWTFGGGTKLEIK
l12_16,QVQLVESGGEVVKPGGSLRLSCAASGFTFSSYYMSWVRQAPGKGLEWVGWIYSSGNTNYAQSFKGRVTISRDTSKNTLYLEMNSLRSEDTAVYYCARSRYDYGAMDYWGQGTLVTVSS,DIVLTQSPSLSASPGDRVTISCRASQSGISNYLAWYQQKPGKAPKLLIYGASSRPSGVPDRFSGSGSGTDFTLTISGLQPEDEADYYCQQYDSSPWTFGGGTKLEIK
l12_17,QVQLVESGGEVVKPGGSLRLSCAASGFTFSSYYMSWVRQAPGKGLEWVGWIYSSGNTNYAQSFKGRVTISRDTSKNTLYLEMNSLRSEDTAVYYCARDRGVYGYFDVWGQGTLVTVSS,DIVLTQSPSLSASPGDRVTISCRASQSGISNYLAWYQQKPGKAPKLLIYGASSRPSGVPDRFSGSGSGTDFTLTISGLQPEDEADYYCQQYDSSPWTFGGGTKLEIK
l12_18,QVQLVESGGEVVKPGGSLRLSCAASGFTFSSYYMSWVRQAPGKGLEWVGWIYSSGNTNYAQSFKGRVTISRDTSKNTLYLEMNSLRSEDTAVYYCARDRNYGYGMDVWGQGTLVTVSS,DIVLTQSPSLSASPGDRVTISCRASQSGISNYLAWYQQKPGKAPKLLIYGASSRPSGVPDRFSGSGSGTDFTLTISGLQPEDEADYYCQQYDSSPWTFGGGTKLEIK
l12_19,QVQLVESGGEVVKPGGSLRLSCAASGFTFSSYYMSWVRQAPGKGLEWVGWIYSSGNTNYAQSFKGRVTISRDTSKNTLYLEMNSLRSEDTAVYYCARDGYYSYGFDYWGQGTLVTVSS,DIVLTQSPSLSASPGDRVTISCRASQSGISNYLAWYQQKPGKAPKLLIYGASSRPSGVPDRFSGSGSGTDFTLTISGLQPEDEADYYCQQYDSSPWTFGGGTKLEIK
l12_20,QVQLVESGGEVVKPGGSLRLSCAASGFTFSSYYMSWVRQAPGKGLEWVGWIYSSGNTNYAQSFKGRVTISRDTSKNTLYLEMNSLRSEDTAVYYCARDYYGNYAMDYWGQGTLVTVSS,DIVLTQSPSLSASPGDRVTISCRASQSGISNYLAWYQQKPGKAPKLLIYGASSRPSGVPDRFSGSGSGTDFTLTISGLQPEDEADYYCQQYDSSPWTFGGGTKLEIK
l12_21,QVQLVESGGEVVKPGGSLRLSCAASGFTFSSYYMSWVRQAPGKGLEWVGWIYSSGNTNYAQSFKGRVTISRDTSKNTLYLEMNSLRSEDTAVYYCARGDYGVYAMDYWGQGTLVTVSS,DIVLTQSPSLSASPGDRVTISCRASQSGISNYLAWYQQKPGKAPKLLIYGASSRPSGVPDRFSGSGSGTDFTLTISGLQPEDEADYYCQQYDSSPWTFGGGTKLEIK
l12_22,QVQLVESGGEVVKPGGSLRLSCAASGFTFSSYYMSWVRQAPGKGLEWVGWIYSSGNTNYAQSFKGRVTISRDTSKNTLYLEMNSLRSEDTAVYYCARGGRSYYYFDVWGQGTLVTVSS,DIVLTQSPSLSASPGDRVTISCRASQSGISNYLAWYQQKPGKAPKLLIYGASSRPSGVPDRFSGSGSGTDFTLTISGLQPEDEADYYCQQYDSSPWTFGGGTKLEIK
l12_23,QVQLVESGGEVVKPGGSLRLSCAASGFTFSSYYMSWVRQAPGKGLEWVGWIYSSGNTNYAQSFKGRVTISRDTSKNTLYLEMNSLRSEDTAVYYCARNYYGYYYFDVWGQGTLVTVSS,DIVLTQSPSLSASPGDRVTISCRASQSGISNYLAWYQQKPGKAPKLLIYGASSRPSGVPDRFSGSGSGTDFTLTISGLQPEDEADYYCQQYDSSPWTFGGGTKLEIK
l12_24,QVQLVESGGEVVKPGGSLRLSCAASGFTFSSYYMSWVRQAPGKGLEWVGWIYSSGNTNYAQSFKGRVTISRDTSKNTLYLEMNSLRSEDTAVYYCARERRGYGWFDYWGQGTLVTVSS,DIVLTQSPSLSASPGDRVTISCRASQSGISNYLAWYQQKPGKAPKLLIYGASSRPSGVPDRFSGSGSGTDFTLTISGLQPEDEADYYCQQYDSSPWTFGGGTKLEIK
l12_25,QVQLVESGGEVVKPGGSLRLSCAASGFTFSSYYMSWVRQAPGKGLEWVGWIYSSGNTNYAQSFKGRVTISRDTSKNTLYLEMNSLRSEDTAVYYCARYYYGGYAMDYWGQGTLVTVSS,DIVLTQSPSLSASPGDRVTISCRASQSGISNYLAWYQQKPGKAPKLLIYGASSRPSGVPDRFSGSGSGTDFTLTISGLQPEDEADYYCQQYDSSPWTFGGGTKLEIK
l12_26,QVQLVESGGEVVKPGGSLRLSCAASGFTFSSYYMSWVRQAPGKGLEWVGWIYSSGNTNYAQSFKGRVTISRDTSKNTLYLEMNSLRSEDTAVYYCARRGYGYAYFDYWGQGTLVTVSS,DIVLTQSPSLSASPGDRVTISCRASQSGISNYLAWYQQKPGKAPKLLIYGASSRPSGVPDRFSGSGSGTDFTLTISGLQPEDEADYYCQQYDSSPWTFGGGTKLEIK
l12_27,QVQLVESGGEVVKPGGSLRLSCAASGFTFSSYYMSWVRQAPGKGLEWVGWIYSSGNTNYAQSFKGRVTISRDTSKNTLYLEMNSLRSEDTAVYYCARDYYGSYYFDVWGQGTLVTVSS,DIVLTQSPSLSASPGDRVTISCRASQSGISNYLAWYQQKPGKAPKLLIYGASSRPSGVPDRFSGSGSGTDFTLTISGLQPEDEADYYCQQYDSSPWTFGGGTKLEIK
l12_28,QVQLVESGGEVVKPGGSLRLSCAASGFTFSSYYMSWVRQAPGKGLEWVGWIYSSGNTNYAQSFKGRVTISRDTSKNTLYLEMNSLRSEDTAVYYCARYGYAYGYFDVWGQGTLVTVSS,DIVLTQSPSLSASPGDRVTISCRASQSGISNYLAWYQQKPGKAPKLLIYGASSRPSGVPDRFSGSGSGTDFTLTISGLQPEDEADYYCQQYDSSPWTFGGGTKLEIK
l12_29,QVQLVESGGEVVKPGGSLRLSCAASGFTFSSYYMSWVRQAPGKGLEWVGWIYSSGNTNYAQSFKGRVTISRDTSKNTLYLEMNSLRSEDTAVYYCARGYGNGYYFDVWGQGTLVTVSS,DIVLTQSPSLSASPGDRVTISCRASQSGISNYLAWYQQKPGKAPKLLIYGASSRPSGVPDRFSGSGSGTDFTLTISGLQPEDEADYYCQQYDSSPWTFGGGTKLEIK
l12_30,QVQLVESGGEVVKPGGSLRLSCAASGFTFSSYYMSWVRQAPGKGLEWVGWIYSSGNTNYAQSFKGRVTISRDTSKNTLYLEMNSLRSEDTAVYYCARERGRGGGLDYWGQGTLVTVSS,DIVLTQSPSLSASPGDRVTISCRASQSGISNYLAWYQQKPGKAPKLLIYGASSRPSGVPDRFSGSGSGTDFTLTISGLQPEDEADYYCQQYDSSPWTFGGGTKLEIK
l12_31,QVQLVESGGEVVKPGGSLRLSCAASGFTFSSYYMSWVRQAPGKGLEWVGWIYSSGNTNYAQSFKGRVTISRDTSKNTLYLEMNSLRSEDTAVYYCAREGSRYGYFDVWGQGTLVTVSS,DIVLTQSPSLSASPGDRVTISCRASQSGISNYLAWYQQKPGKAPKLLIYGASSRPSGVPDRFSGSGSGTDFTLTISGLQPEDEADYYCQQYDSSPWTFGGGTKLEIK
l12_32,QVQLVESGGEVVKPGGSLRLSCAASGFTFSSYYMSWVRQAPGKGLEWVGWIYSSGNTNYAQSFKGRVTISRDTSKNTLYLEMNSLRSEDTAVYYCARDRYDGSAMDYWGQGTLVTVSS,DIVLTQSPSLSASPGDRVTISCRASQSGISNYLAWYQQKPGKAPKLLIYGASSRPSGVPDRFSGSGSGTDFTLTISGLQPEDEADYYCQQYDSSPWTFGGGTKLEIK
l12_33,QVQLVESGGEVVKPGGSLRLSCAASGFTFSSYYMSWVRQAPGKGLEWVGWIYSSGNTNYAQSFKGRVTISRDTSKNTLYLEMNSLRSEDTAVYYCARSRSDYYAMDYWGQGTLVTVSS,DIVLTQSPSLSASPGDRVTISCRASQSGISNYLAWYQQKPGKAPKLLIYGASSRPSGVPDRFSGSGSGTDFTLTISGLQPEDEADYYCQQYDSSPWTFGGGTKLEIK
l12_34,QVQLVESGGEVVKPGGSLRLSCAASGFTFSSYYMSWVRQAPGKGLEWVGWIYSSGNTNYAQSFKGRVTISRDTSKNTLYLEMNSLRSEDTAVYYCARGRGEYYYFDVWGQGTLVTVSS,DIVLTQSPSLSASPGDRVTISCRASQSGISNYLAWYQQKPGKAPKLLIYGASSRPSGVPDRFSGSGSGTDFTLTISGLQPEDEADYYCQQYDSSPWTFGGGTKLEIK
l12_35,QVQLVESGGEVVKPGGSLRLSCAASGFTFSSYYMSWVRQAPGKGLEWVGWIYSSGNTNYAQSFKGRVTISRDTSKNTLYLEMNSLRSEDTAVYYCARERSYDYAMDYWGQGTLVTVSS,DIVLTQSPSLSASPGDRVTISCRASQSGISNYLAWYQQKPGKAPKLLIYGASSRPSGVPDRFSGSGSGTDFTLTISGLQPEDEADYYCQQYDSSPWTFGGGTKLEIK
l12_36,QVQLVESGGEVVKPGGSLRLSCAASGFTFSSYYMSWVRQAPGKGLEWVGWIYSSGNTNYAQSFKGRVTISRDTSKNTLYLEMNSLRSEDTAVYYCARGGSNYYAMDYWGQGTLVTVSS,DIVLTQSPSLSASPGDRVTISCRASQSGISNYLAWYQQKPGKAPKLLIYGASSRPSGVPDRFSGSGSGTDFTLTISGLQPEDEADYYCQQYDSSPWTFGGGTKLEIK
l12_37,QVQLVESGGEVVKPGGSLRLSCAASGFTFSSYYMSWVRQAPGKGLEWVGWIYSSGNTNYAQSFKGRVTISRDTSKNTLYLEMNSLRSEDTAVYYCARGNYGYGAFDYWGQGTLVTVSS,DIVLTQSPSLSASPGDRVTISCRASQSGISNYLAWYQQKPGKAPKLLIYGASSRPSGVPDRFSGSGSGTDFTLTISGLQPEDEADYYCQQYDSSPWTFGGGTKLEIK
l12_38,QVQLVESGGEVVKPGGSLRLSCAASGFTFSSYYMSWVRQAPGKGLEWVGWIYSSGNTNYAQSFKGRVTISRDTSKNTLYLEMNSLRSEDTAVYYCARFGDYYYGLDVWGQGTLVTVSS,DIVLTQSPSLSASPGDRVTISCRASQSGISNYLAWYQQKPGKAPKLLIYGASSRPSGVPDRFSGSGSGTDFTLTISGLQPEDEADYYCQQYDSSPWTFGGGTKLEIK
l12_39,QVQLVESGGEVVKPGGSLRLSCAASGFTFSSYYMSWVRQAPGKGLEWVGWIYSSGNTNYAQSFKGRVTISRDTSKNTLYLEMNSLRSEDTAVYYCARDGYVYGAMDYWGQGTLVTVSS,DIVLTQSPSLSASPGDRVTISCRASQSGISNYLAWYQQKPGKAPKLLIYGASSRPSGVPDRFSGSGSGTDFTLTISGLQPEDEADYYCQQYDSSPWTFGGGTKLEIK
l12_40,QVQLVESGGEVVKPGGSLRLSCAASGFTFSSYYMSWVRQAPGKGLEWVGWIYSSGNTNYAQSFKGRVTISRDTSKNTLYLEMNSLRSEDTAVYYCARDYWDYWYFDVWGQGTLVTVSS,DIVLTQSPSLSASPGDRVTISCRASQSGISNYLAWYQQKPGKAPKLLIYGASSRPSGVPDRFSGSGSGTDFTLTISGLQPEDEADYYCQQYDSSPWTFGGGTKLEIK
l12_41,QVQLVESGGEVVKPGGSLRLSCAASGFTFSSYYMSWVRQAPGKGLEWVGWIYSSGNTNYAQSFKGRVTISRDTSKNTLYLEMNSLRSEDTAVYYCARGDYGIGYFDYWGQGTLVTVSS,DIVLTQSPSLSASPGDRVTISCRASQSGISNYLAWYQQKPGKAPKLLIYGASSRPSGVPDRFSGSGSGTDFTLTISGLQPEDEADYYCQQYDSSPWTFGGGTKLEIK
l12_42,QVQLVESGGEVVKPGGSLRLSCAASGFTFSSYYMSWVRQAPGKGLEWVGWIYSSGNTNYAQSFKGRVTISRDTSKNTLYLEMNSLRSEDTAVYYCARQYYYYGAMDYWGQGTLVTVSS,DIVLTQSPSLSASPGDRVTISCRASQSGISNYLAWYQQKPGKAPKLLIYGASSRPSGVPDRFSGSGSGTDFTLTISGLQPEDEADYYCQQYDSSPWTFGGGTKLEIK
l12_43,QVQLVESGGEVVKPGGSLRLSCAASGFTFSSYYMSWVRQAPGKGLEWVGWIYSSGNTNYAQSFKGRVTISRDTSKNTLYLEMNSLRSEDTAVYYCARETYGYYAMDYWGQGTLVTVSS,DIVLTQSPSLSASPGDRVTISCRASQSGISNYLAWYQQKPGKAPKLLIYGASSRPSGVPDRFSGSGSGTDFTLTISGLQPEDEADYYCQQYDSSPWTFGGGTKLEIK
l12_44,QVQLVESGGEVVKPGGSLRLSCAASGFTFSSYYMSWVRQAPGKGLEWVGWIYSSGNTNYAQSFKGRVTISRDTSKNTLYLEMNSLRSEDTAVYYCAREGFDYGYFDYWGQGTLVTVSS,DIVLTQSPSLSASPGDRVTISCRASQSGISNYLAWYQQKPGKAPKLLIYGASSRPSGVPDRFSGSGSGTDFTLTISGLQPEDEADYYCQQYDSSPWTFGGGTKLEIK
l12_45,QVQLVESGGEVVKPGGSLRLSCAASGFTFSSYYMSWVRQAPGKGLEWVGWIYSSGNTNYAQSFKGRVTISRDTSKNTLYLEMNSLRSEDTAVYYCARDYYRGGGFAYWGQGTLVTVSS,DIVLTQSPSLSASPGDRVTISCRASQSGISNYLAWYQQKPGKAPKLLIYGASSRPSGVPDRFSGSGSGTDFTLTISGLQPEDEADYYCQQYDSSPWTFGGGTKLEIK
l12_46,QVQLVESGGEVVKPGGSLRLSCAASGFTFSSYYMSWVRQAPGKGLEWVGWIYSSGNTNYAQSFKGRVTISRDTSKNTLYLEMNSLRSEDTAVYYCAREGYGDGWFDYWGQGTLVTVSS,DIVLTQSPSLSASPGDRVTISCRASQSGISNYLAWYQQKPGKAPKLLIYGASSRPSGVPDRFSGSGSGTDFTLTISGLQPEDEADYYCQQYDSSPWTFGGGTKLEIK
l12_47,QVQLVESGGEVVKPGGSLRLSCAASGFTFSSYYMSWVRQAPGKGLEWVGWIYSSGNTNYAQSFKGRVTISRDTSKNTLYLEMNSLRSEDTAVYYCARWDGYDYAMDYWGQGTLVTVSS,DIVLTQSPSLSASPGDRVTISCRASQSGISNYLAWYQQKPGKAPKLLIYGASSRPSGVPDRFSGSGSGTDFTLTISGLQPEDEADYYCQQYDSSPWTFGGGTKLEIK
l12_48,QVQLVESGGEVVKPGGSLRLSCAASGFTFSSYYMSWVRQAPGKGLEWVGWIYSSGNTNYAQSFKGRVTISRDTSKNTLYLEMNSLRSEDTAVYYCARSWSYYYAMDYWGQGTLVTVSS,DIVLTQSPSLSASPGDRVTISCRASQSGISNYLAWYQQKPGKAPKLLIYGASSRPSGVPDRFSGSGSGTDFTLTISGLQPEDEADYYCQQYDSSPWTFGGGTKLEIK
l12_49,QVQLVESGGEVVKPGGSLRLSCAASGFTFSSYYMSWVRQAPGKGLEWVGWIYSSGNTNYAQSFKGRVTISRDTSKNTLYLEMNSLRSEDTAVYYCAREYYGYAAMDYWGQGTLVTVSS,DIVLTQSPSLSASPGDRVTISCRASQSGISNYLAWYQQKPGKAPKLLIYGASSRPSGVPDRFSGSGSGTDFTLTISGLQPEDEADYYCQQYDSSPWTFGGGTKLEIK
l12_50,QVQLVESGGEVVKPGGSLRLSCAASGFTFSSYYMSWVRQAPGKGLEWVGWIYSSGNTNYAQSFKGRVTISRDTSKNTLYLEMNSLRSEDTAVYYCARLHYDGYAMDYWGQGTLVTVSS,DIVLTQSPSLSASPGDRVTISCRASQSGISNYLAWYQQKPGKAPKLLIYGASSRPSGVPDRFSGSGSGTDFTLTISGLQPEDEADYYCQQYDSSPWTFGGGTKLEIK
l12_51,QVQLVESGGEVVKPGGSLRLSCAASGFTFSSYYMSWVRQAPGKGLEWVGWIYSSGNTNYAQSFKGRVTISRDTSKNTLYLEMNSLRSEDTAVYYCARERGGYGSFDYWGQGTLVTVSS,DIVLTQSPSLSASPGDRVTISCRASQSGISNYLAWYQQKPGKAPKLLIYGASSRPSGVPDRFSGSGSGTDFTLTISGLQPEDEADYYCQQYDSSPWTFGGGTKLEIK
l12_52,QVQLVESGGEVVKPGGSLRLSCAASGFTFSSYYMSWVRQAPGKGLEWVGWIYSSGNTNYAQSFKGRVTISRDTSKNTLYLEMNSLRSEDTAVYYCARYYGSDYWFDVWGQGTLVTVSS,DIVLTQSPSLSASPGDRVTISCRASQSGISNYLAWYQQKPGKAPKLLIYGASSRPSGVPDRFSGSGSGTDFTLTISGLQPEDEADYYCQQYDSSPWTFGGGTKLEIK
l12_53,QVQLVESGGEVVKPGGSLRLSCAASGFTFSSYYMSWVRQAPGKGLEWVGWIYSSGNTNYAQSFKGRVTISRDTSKNTLYLEMNSLRSEDTAVYYCARLYGYGGTFDYWGQGTLVTVSS,DIVLTQSPSLSASPGDRVTISCRASQSGISNYLAWYQQKPGKAPKLLIYGASSRPSGVPDRFSGSGSGTDFTLTISGLQPEDEADYYCQQYDSSPWTFGGGTKLEIK
l12_54,QVQLVESGGEVVKPGGSLRLSCAASGFTFSSYYMSWVRQAPGKGLEWVGWIYSSGNTNYAQSFKGRVTISRDTSKNTLYLEMNSLRSEDTAVYYCARDRYNYYGFDVWGQGTLVTVSS,DIVLTQSPSLSASPGDRVTISCRASQSGISNYLAWYQQKPGKAPKLLIYGASSRPSGVPDRFSGSGSGTDFTLTISGLQPEDEADYYCQQYDSSPWTFGGGTKLEIK
l12_55,QVQLVESGGEVVKPGGSLRLSCAASGFTFSSYYMSWVRQAPGKGLEWVGWIYSSGNTNYAQSFKGRVTISRDTSKNTLYLEMNSLRSEDTAVYYCARLYYGLGGMDYWGQGTLVTVSS,DIVLTQSPSLSASPGDRVTISCRASQSGISNYLAWYQQKPGKAPKLLIYGASSRPSGVPDRFSGSGSGTDFTLTISGLQPEDEADYYCQQYDSSPWTFGGGTKLEIK
l12_56,QVQLVESGGEVVKPGGSLRLSCAASGFTFSSYYMSWVRQAPGKGLEWVGWIYSSGNTNYAQSFKGRVTISRDTSKNTLYLEMNSLRSEDTAVYYCARDYGSYWSFDYWGQGTLVTVSS,DIVLTQSPSLSASPGDRVTISCRASQSGISNYLAWYQQKPGKAPKLLIYGASSRPSGVPDRFSGSGSGTDFTLTISGLQPEDEADYYCQQYDSSPWTFGGGTKLEIK
l12_57,QVQLVESGGEVVKPGGSLRLSCAASGFTFSSYYMSWVRQAPGKGLEWVGWIYSSGNTNYAQSFKGRVTISRDTSKNTLYLEMNSLRSEDTAVYYCARSRYGYSGFDYWGQGTLVTVSS,DIVLTQSPSLSASPGDRVTISCRASQSGISNYLAWYQQKPGKAPKLLIYGASSRPSGVPDRFSGSGSGTDFTLTISGLQPEDEADYYCQQYDSSPWTFGGGTKLEIK
l12_58,QVQLVESGGEVVKPGGSLRLSCAASGFTFSSYYMSWVRQAPGKGLEWVGWIYSSGNTNYAQSFKGRVTISRDTSKNTLYLEMNSLRSEDTAVYYCARKDYYYYGLDYWGQGTLVTVSS,DIVLTQSPSLSASPGDRVTISCRASQSGISNYLAWYQQKPGKAPKLLIYGASSRPSGVPDRFSGSGSGTDFTLTISGLQPEDEADYYCQQYDSSPWTFGGGTKLEIK
l12_59,QVQLVESGGEVVKPGGSLRLSCAASGFTFSSYYMSWVRQAPGKGLEWVGWIYSSGNTNYAQSFKGRVTISRDTSKNTLYLEMNSLRSEDTAVYYCARGYYGGEAMDYWGQGTLVTVSS,DIVLTQSPSLSASPGDRVTISCRASQSGISNYLAWYQQKPGKAPKLLIYGASSRPSGVPDRFSGSGSGTDFTLTISGLQPEDEADYYCQQYDSSPWTFGGGTKLEIK
l12_60,QVQLVESGGEVVKPGGSLRLSCAASGFTFSSYYMSWVRQAPGKGLEWVGWIYSSGNTNYAQSFKGRVTISRDTSKNTLYLEMNSLRSEDTAVYYCARDEYGYYYFDYWGQGTLVTVSS,DIVLTQSPSLSASPGDRVTISCRASQSGISNYLAWYQQKPGKAPKLLIYGASSRPSGVPDRFSGSGSGTDFTLTISGLQPEDEADYYCQQYDSSPWTFGGGTKLEIK
l12_61,QVQLVESGGEVVKPGGSLRLSCAASGFTFSSYYMSWVRQAPGKGLEWVGWIYSSGNTNYAQSFKGRVTISRDTSKNTLYLEMNSLRSEDTAVYYCARERYDDYYFDVWGQGTLVTVSS,DIVLTQSPSLSASPGDRVTISCRASQSGISNYLAWYQQKPGKAPKLLIYGASSRPSGVPDRFSGSGSGTDFTLTISGLQPEDEADYYCQQYDSSPWTFGGGTKLEIK
l12_62,QVQLVESGGEVVKPGGSLRLSCAASGFTFSSYYMSWVRQAPGKGLEWVGWIYSSGNTNYAQSFKGRVTISRDTSKNTLYLEMNSLRSEDTAVYYCARRDYNYGWFAYWGQGTLVTVSS,DIVLTQSPSLSASPGDRVTISCRASQSGISNYLAWYQQKPGKAPKLLIYGASSRPSGVPDRFSGSGSGTDFTLTISGLQPEDEADYYCQQYDSSPWTFGGGTKLEIK
l12_63,QVQLVESGGEVVKPGGSLRLSCAASGFTFSSYYMSWVRQAPGKGLEWVGWIYSSGNTNYAQSFKGRVTISRDTSKNTLYLEMNSLRSEDTAVYYCARDYYHYGYFDVWGQGTLVTVSS,DIVLTQSPSLSASPGDRVTISCRASQSGISNYLAWYQQKPGKAPKLLIYGASSRPSGVPDRFSGSGSGTDFTLTISGLQPEDEADYYCQQYDSSPWTFGGGTKLEIK
l12_64,QVQLVESGGEVVKPGGSLRLSCAASGFTFSSYYMSWVRQAPGKGLEWVGWIYSSGNTNYAQSFKGRVTISRDTSKNTLYLEMNSLRSEDTAVYYCARLERDYYAMDYWGQGTLVTVSS,DIVLTQSPSLSASPGDRVTISCRASQSGISNYLAWYQQKPGKAPKLLIYGASSRPSGVPDRFSGSGSGTDFTLTISGLQPEDEADYYCQQYDSSPWTFGGGTKLEIK
l12_65,QVQLVESGGEVVKPGGSLRLSCAASGFTFSSYYMSWVRQAPGKGLEWVGWIYSSGNTNYAQSFKGRVTISRDTSKNTLYLEMNSLRSEDTAVYYCARLYGSGGSFDYWGQGTLVTVSS,DIVLTQSPSLSASPGDRVTISCRASQSGISNYLAWYQQKPGKAPKLLIYGASSRPSGVPDRFSGSGSGTDFTLTISGLQPEDEADYYCQQYDSSPWTFGGGTKLEIK
l12_66,QVQLVESGGEVVKPGGSLRLSCAASGFTFSSYYMSWVRQAPGKGLEWVGWIYSSGNTNYAQSFKGRVTISRDTSKNTLYLEMNSLRSEDTAVYYCARDRRGYYYFAVWGQGTLVTVSS,DIVLTQSPSLSASPGDRVTISCRASQSGISNYLAWYQQKPGKAPKLLIYGASSRPSGVPDRFSGSGSGTDFTLTISGLQPEDEADYYCQQYDSSPWTFGGGTKLEIK
l12_67,QVQLVESGGEVVKPGGSLRLSCAASGFTFSSYYMSWVRQAPGKGLEWVGWIYSSGNTNYAQSFKGRVTISRDTSKNTLYLEMNSLRSEDTAVYYCARGERGAGWFAYWGQGTLVTVSS,DIVLTQSPSLSASPGDRVTISCRASQSGISNYLAWYQQKPGKAPKLLIYGASSRPSGVPDRFSGSGSGTDFTLTISGLQPEDEADYYCQQYDSSPWTFGGGTKLEIK
l12_68,QVQLVESGGEVVKPGGSLRLSCAASGFTFSSYYMSWVRQAPGKGLEWVGWIYSSGNTNYAQSFKGRVTISRDTSKNTLYLEMNSLRSEDTAVYYCARRTYGNYAMDYWGQGTLVTVSS,DIVLTQSPSLSASPGDRVTISCRASQSGISNYLAWYQQKPGKAPKLLIYGASSRPSGVPDRFSGSGSGTDFTLTISGLQPEDEADYYCQQYDSSPWTFGGGTKLEIK
l12_69,QVQLVESGGEVVKPGGSLRLSCAASGFTFSSYYMSWVRQAPGKGLEWVGWIYSSGNTNYAQSFKGRVTISRDTSKNTLYLEMNSLRSEDTAVYYCARDRLRSGYFDVWGQGTLVTVSS,DIVLTQSPSLSASPGDRVTISCRASQSGISNYLAWYQQKPGKAPKLLIYGASSRPSGVPDRFSGSGSGTDFTLTISGLQPEDEADYYCQQYDSSPWTFGGGTKLEIK
l12_70,QVQLVESGGEVVKPGGSLRLSCAASGFTFSSYYMSWVRQAPGKGLEWVGWIYSSGNTNYAQSFKGRVTISRDTSKNTLYLEMNSLRSEDTAVYYCAREGRGIGGFDYWGQGTLVTVSS,DIVLTQSPSLSASPGDRVTISCRASQSGISNYLAWYQQKPGKAPKLLIYGASSRPSGVPDRFSGSGSGTDFTLTISGLQPEDEADYYCQQYDSSPWTFGGGTKLEIK
l12_71,QVQLVESGGEVVKPGGSLRLSCAASGFTFSSYYMSWVRQAPGKGLEWVGWIYSSGNTNYAQSFKGRVTISRDTSKNTLYLEMNSLRSEDTAVYYCARWYYGDYVMDYWGQGTLVTVSS,DIVLTQSPSLSASPGDRVTISCRASQSGISNYLAWYQQKPGKAPKLLIYGASSRPSGVPDRFSGSGSGTDFTLTISGLQPEDEADYYCQQYDSSPWTFGGGTKLEIK
l12_72,QVQLVESGGEVVKPGGSLRLSCAASGFTFSSYYMSWVRQAPGKGLEWVGWIYSSGNTNYAQSFKGRVTISRDTSKNTLYLEMNSLRSEDTAVYYCARVGSGYYYFDYWGQGTLVTVSS,DIVLTQSPSLSASPGDRVTISCRASQSGISNYLAWYQQKPGKAPKLLIYGASSRPSGVPDRFSGSGSGTDFTLTISGLQPEDEADYYCQQYDSSPWTFGGGTKLEIK
l12_73,QVQLVESGGEVVKPGGSLRLSCAASGFTFSSYYMSWVRQAPGKGLEWVGWIYSSGNTNYAQSFKGRVTISRDTSKNTLYLEMNSLRSEDTAVYYCARPYGSGYYFDYWGQGTLVTVSS,DIVLTQSPSLSASPGDRVTISCRASQSGISNYLAWYQQKPGKAPKLLIYGASSRPSGVPDRFSGSGSGTDFTLTISGLQPEDEADYYCQQYDSSPWTFGGGTKLEIK
l12_74,QVQLVESGGEVVKPGGSLRLSCAASGFTFSSYYMSWVRQAPGKGLEWVGWIYSSGNTNYAQSFKGRVTISRDTSKNTLYLEMNSLRSEDTAVYYCARLVRYGYYFDVWGQGTLVTVSS,DIVLTQSPSLSASPGDRVTISCRASQSGISNYLAWYQQKPGKAPKLLIYGASSRPSGVPDRFSGSGSGTDFTLTISGLQPEDEADYYCQQYDSSPWTFGGGTKLEIK
l12_75,QVQLVESGGEVVKPGGSLRLSCAASGFTFSSYYMSWVRQAPGKGLEWVGWIYSSGNTNYAQSFKGRVTISRDTSKNTLYLEMNSLRSEDTAVYYCARDGNYGDAMDYWGQGTLVTVSS,DIVLTQSPSLSASPGDRVTISCRASQSGISNYLAWYQQKPGKAPKLLIYGASSRPSGVPDRFSGSGSGTDFTLTISGLQPEDEADYYCQQYDSSPWTFGGGTKLEIK
l12_76,QVQLVESGGEVVKPGGSLRLSCAASGFTFSSYYMSWVRQAPGKGLEWVGWIYSSGNTNYAQSFKGRVTISRDTSKNTLYLEMNSLRSEDTAVYYCARGPVFDYAMDYWGQGTLVTVSS,DIVLTQSPSLSASPGDRVTISCRASQSGISNYLAWYQQKPGKAPKLLIYGASSRPSGVPDRFSGSGSGTDFTLTISGLQPEDEADYYCQQYDSSPWTFGGGTKLEIK
l12_77,QVQLVESGGEVVKPGGSLRLSCAASGFTFSSYYMSWVRQAPGKGLEWVGWIYSSGNTNYAQSFKGRVTISRDTSKNTLYLEMNSLRSEDTAVYYCARYDYYYYGMDVWGQGTLVTVSS,DIVLTQSPSLSASPGDRVTISCRASQSGISNYLAWYQQKPGKAPKLLIYGASSRPSGVPDRFSGSGSGTDFTLTISGLQPEDEADYYCQQYDSSPWTFGGGTKLEIK
l12_78,QVQLVESGGEVVKPGGSLRLSCAASGFTFSSYYMSWVRQAPGKGLEWVGWIYSSGNTNYAQSFKGRVTISRDTSKNTLYLEMNSLRSEDTAVYYCARDYDYGYPFDYWGQGTLVTVSS,DIVLTQSPSLSASPGDRVTISCRASQSGISNYLAWYQQKPGKAPKLLIYGASSRPSGVPDRFSGSGSGTDFTLTISGLQPEDEADYYCQQYDSSPWTFGGGTKLEIK
l12_79,QVQLVESGGEVVKPGGSLRLSCAASGFTFSSYYMSWVRQAPGKGLEWVGWIYSSGNTNYAQSFKGRVTISRDTSKNTLYLEMNSLRSEDTAVYYCAREGTNNYAMDYWGQGTLVTVSS,DIVLTQSPSLSASPGDRVTISCRASQSGISNYLAWYQQKPGKAPKLLIYGASSRPSGVPDRFSGSGSGTDFTLTISGLQPEDEADYYCQQYDSSPWTFGGGTKLEIK
l12_80,QVQLVESGGEVVKPGGSLRLSCAASGFTFSSYYMSWVRQAPGKGLEWVGWIYSSGNTNYAQSFKGRVTISRDTSKNTLYLEMNSLRSEDTAVYYCARDRWPYGYFDVWGQGTLVTVSS,DIVLTQSPSLSASPGDRVTISCRASQSGISNYLAWYQQKPGKAPKLLIYGASSRPSGVPDRFSGSGSGTDFTLTISGLQPEDEADYYCQQYDSSPWTFGGGTKLEIK
l12_81,QVQLVESGGEVVKPGGSLRLSCAASGFTFSSYYMSWVRQAPGKGLEWVGWIYSSGNTNYAQSFKGRVTISRDTSKNTLYLEMNSLRSEDTAVYYCARLYGTYGYFAVWGQGTLVTVSS,DIVLTQSPSLSASPGDRVTISCRASQSGISNYLAWYQQKPGKAPKLLIYGASSRPSGVPDRFSGSGSGTDFTLTISGLQPEDEADYYCQQYDSSPWTFGGGTKLEIK
l12_82,QVQLVESGGEVVKPGGSLRLSCAASGFTFSSYYMSWVRQAPGKGLEWVGWIYSSGNTNYAQSFKGRVTISRDTSKNTLYLEMNSLRSEDTAVYYCARERPLRGGFDYWGQGTLVTVSS,DIVLTQSPSLSASPGDRVTISCRASQSGISNYLAWYQQKPGKAPKLLIYGASSRPSGVPDRFSGSGSGTDFTLTISGLQPEDEADYYCQQYDSSPWTFGGGTKLEIK
l12_83,QVQLVESGGEVVKPGGSLRLSCAASGFTFSSYYMSWVRQAPGKGLEWVGWIYSSGNTNYAQSFKGRVTISRDTSKNTLYLEMNSLRSEDTAVYYCARTYGYGYPMDYWGQGTLVTVSS,DIVLTQSPSLSASPGDRVTISCRASQSGISNYLAWYQQKPGKAPKLLIYGASSRPSGVPDRFSGSGSGTDFTLTISGLQPEDEADYYCQQYDSSPWTFGGGTKLEIK
l12_84,QVQLVESGGEVVKPGGSLRLSCAASGFTFSSYYMSWVRQAPGKGLEWVGWIYSSGNTNYAQSFKGRVTISRDTSKNTLYLEMNSLRSEDTAVYYCARGDYWYRGFDYWGQGTLVTVSS,DIVLTQSPSLSASPGDRVTISCRASQSGISNYLAWYQQKPGKAPKLLIYGASSRPSGVPDRFSGSGSGTDFTLTISGLQPEDEADYYCQQYDSSPWTFGGGTKLEIK
l12_85,QVQLVESGGEVVKPGGSLRLSCAASGFTFSSYYMSWVRQAPGKGLEWVGWIYSSGNTNYAQSFKGRVTISRDTSKNTLYLEMNSLRSEDTAVYYCARSYGYWGYFDYWGQGTLVTVSS,DIVLTQSPSLSASPGDRVTISCRASQSGISNYLAWYQQKPGKAPKLLIYGASSRPSGVPDRFSGSGSGTDFTLTISGLQPEDEADYYCQQYDSSPWTFGGGTKLEIK
l12_86,QVQLVESGGEVVKPGGSLRLSCAASGFTFSSYYMSWVRQAPGKGLEWVGWIYSSGNTNYAQSFKGRVTISRDTSKNTLYLEMNSLRSEDTAVYYCARGEYGNNAMDYWGQGTLVTVSS,DIVLTQSPSLSASPGDRVTISCRASQSGISNYLAWYQQKPGKAPKLLIYGASSRPSGVPDRFSGSGSGTDFTLTISGLQPEDEADYYCQQYDSSPWTFGGGTKLEIK
l12_87,QVQLVESGGEVVKPGGSLRLSCAASGFTFSSYYMSWVRQAPGKGLEWVGWIYSSGNTNYAQSFKGRVTISRDTSKNTLYLEMNSLRSEDTAVYYCARYGDYGGWFDYWGQGTLVTVSS,DIVLTQSPSLSASPGDRVTISCRASQSGISNYLAWYQQKPGKAPKLLIYGASSRPSGVPDRFSGSGSGTDFTLTISGLQPEDEADYYCQQYDSSPWTFGGGTKLEIK
l12_88,QVQLVESGGEVVKPGGSLRLSCAASGFTFSSYYMSWVRQAPGKGLEWVGWIYSSGNTNYAQSFKGRVTISRDTSKNTLYLEMNSLRSEDTAVYYCARDRYGYAWFDPWGQGTLVTVSS,DIVLTQSPSLSASPGDRVTISCRASQSGISNYLAWYQQKPGKAPKLLIYGASSRPSGVPDRFSGSGSGTDFTLTISGLQPEDEADYYCQQYDSSPWTFGGGTKLEIK
l12_89,QVQLVESGGEVVKPGGSLRLSCAASGFTFSSYYMSWVRQAPGKGLEWVGWIYSSGNTNYAQSFKGRVTISRDTSKNTLYLEMNSLRSEDTAVYYCAREGYQGYGFDYWGQGTLVTVSS,DIVLTQSPSLSASPGDRVTISCRASQSGISNYLAWYQQKPGKAPKLLIYGASSRPSGVPDRFSGSGSGTDFTLTISGLQPEDEADYYCQQYDSSPWTFGGGTKLEIK
l12_90,QVQLVESGGEVVKPGGSLRLSCAASGFTFSSYYMSWVRQAPGKGLEWVGWIYSSGNTNYAQSFKGRVTISRDTSKNTLYLEMNSLRSEDTAVYYCAREGRDYYWFDVWGQGTLVTVSS,DIVLTQSPSLSASPGDRVTISCRASQSGISNYLAWYQQKPGKAPKLLIYGASSRPSGVPDRFSGSGSGTDFTLTISGLQPEDEADYYCQQYDSSPWTFGGGTKLEIK
l12_91,QVQLVESGGEVVKPGGSLRLSCAASGFTFSSYYMSWVRQAPGKGLEWVGWIYSSGNTNYAQSFKGRVTISRDTSKNTLYLEMNSLRSEDTAVYYCARKGRLRYGFDYWGQGTLVTVSS,DIVLTQSPSLSASPGDRVTISCRASQSGISNYLAWYQQKPGKAPKLLIYGASSRPSGVPDRFSGSGSGTDFTLTISGLQPEDEADYYCQQYDSSPWTFGGGTKLEIK
l12_92,QVQLVESGGEVVKPGGSLRLSCAASGFTFSSYYMSWVRQAPGKGLEWVGWIYSSGNTNYAQSFKGRVTISRDTSKNTLYLEMNSLRSEDTAVYYCARLYTDYYAMDYWGQGTLVTVSS,DIVLTQSPSLSASPGDRVTISCRASQSGISNYLAWYQQKPGKAPKLLIYGASSRPSGVPDRFSGSGSGTDFTLTISGLQPEDEADYYCQQYDSSPWTFGGGTKLEIK
l12_93,QVQLVESGGEVVKPGGSLRLSCAASGFTFSSYYMSWVRQAPGKGLEWVGWIYSSGNTNYAQSFKGRVTISRDTSKNTLYLEMNSLRSEDTAVYYCARQRRLYGWFDYWGQGTLVTVSS,DIVLTQSPSLSASPGDRVTISCRASQSGISNYLAWYQQKPGKAPKLLIYGASSRPSGVPDRFSGSGSGTDFTLTISGLQPEDEADYYCQQYDSSPWTFGGGTKLEIK
l12_94,QVQLVESGGEVVKPGGSLRLSCAASGFTFSSYYMSWVRQAPGKGLEWVGWIYSSGNTNYAQSFKGRVTISRDTSKNTLYLEMNSLRSEDTAVYYCARGYYWFAYFDYWGQGTLVTVSS,DIVLTQSPSLSASPGDRVTISCRASQSGISNYLAWYQQKPGKAPKLLIYGASSRPSGVPDRFSGSGSGTDFTLTISGLQPEDEADYYCQQYDSSPWTFGGGTKLEIK
l12_95,QVQLVESGGEVVKPGGSLRLSCAASGFTFSSYYMSWVRQAPGKGLEWVGWIYSSGNTNYAQSFKGRVTISRDTSKNTLYLEMNSLRSEDTAVYYCARWRGEYYYFDVWGQGTLVTVSS,DIVLTQSPSLSASPGDRVTISCRASQSGISNYLAWYQQKPGKAPKLLIYGASSRPSGVPDRFSGSGSGTDFTLTISGLQPEDEADYYCQQYDSSPWTFGGGTKLEIK
l12_96,QVQLVESGGEVVKPGGSLRLSCAASGFTFSSYYMSWVRQAPGKGLEWVGWIYSSGNTNYAQSFKGRVTISRDTSKNTLYLEMNSLRSEDTAVYYCARDIRGYWYFDVWGQGTLVTVSS,DIVLTQSPSLSASPGDRVTISCRASQSGISNYLAWYQQKPGKAPKLLIYGASSRPSGVPDRFSGSGSGTDFTLTISGLQPEDEADYYCQQYDSSPWTFGGGTKLEIK
l12_97,QVQLVESGGEVVKPGGSLRLSCAASGFTFSSYYMSWVRQAPGKGLEWVGWIYSSGNTNYAQSFKGRVTISRDTSKNTLYLEMNSLRSEDTAVYYCARDKGRGGYFDYWGQGTLVTVSS,DIVLTQSPSLSASPGDRVTISCRASQSGISNYLAWYQQKPGKAPKLLIYGASSRPSGVPDRFSGSGSGTDFTLTISGLQPEDEADYYCQQYDSSPWTFGGGTKLEIK
l12_98,QVQLVESGGEVVKPGGSLRLSCAASGFTFSSYYMSWVRQAPGKGLEWVGWIYSSGNTNYAQSFKGRVTISRDTSKNTLYLEMNSLRSEDTAVYYCAREGGSTGWFDYWGQGTLVTVSS,DIVLTQSPSLSASPGDRVTISCRASQSGISNYLAWYQQKPGKAPKLLIYGASSRPSGVPDRFSGSGSGTDFTLTISGLQPEDEADYYCQQYDSSPWTFGGGTKLEIK
l12_99,QVQLVESGGEVVKPGGSLRLSCAASGFTFSSYYMSWVRQAPGKGLEWVGWIYSSGNTNYAQSFKGRVTISRDTSKNTLYLEMNSLRSEDTAVYYCARWLRGGYYFDVWGQGTLVTVSS,DIVLTQSPSLSASPGDRVTISCRASQSGISNYLAWYQQKPGKAPKLLIYGASSRPSGVPDRFSGSGSGTDFTLTISGLQPEDEADYYCQQYDSSPWTFGGGTKLEIK
l12_100,QVQLVESGGEVVKPGGSLRLSCAASGFTFSSYYMSWVRQAPGKGLEWVGWIYSSGNTNYAQSFKGRVTISRDTSKNTLYLEMNSLRSEDTAVYYCARYYWSYWYFDVWGQGTLVTVSS,DIVLTQSPSLSASPGDRVTISCRASQSGISNYLAWYQQKPGKAPKLLIYGASSRPSGVPDRFSGSGSGTDFTLTISGLQPEDEADYYCQQYDSSPWTFGGGTKLEIK
l13_1,QVQLVESGGEVVKPGGSLRLSCAASGFTFSSYYMSWVRQAPGKGLEWVGWIYSSGNTNYAQSFKGRVTISRDTSKNTLYLEMNSLRSEDTAVYYCARLYYGDYGYFDVWGQGTLVTVSS,DIVLTQSPSLSASPGDRVTISCRASQSGISNYLAWYQQKPGKAPKLLIYGASSRPSGVPDRFSGSGSGTDFTLTISGLQPEDEADYYCQQYDSSPWTFGGGTKLEIK
l13_2,QVQLVESGGEVVKPGGSLRLSCAASGFTFSSYYMSWVRQAPGKGLEWVGWIYSSGNTNYAQSFKGRVTISRDTSKNTLYLEMNSLRSEDTAVYYCARLYYDYGYYFDVWGQGTLVTVSS,DIVLTQSPSLSASPGDRVTISCRASQSGISNYLAWYQQKPGKAPKLLIYGASSRPSGVPDRFSGSGSGTDFTLTISGLQPEDEADYYCQQYDSSPWTFGGGTKLEIK
l13_3,QVQLVESGGEVVKPGGSLRLSCAASGFTFSSYYMSWVRQAPGKGLEWVGWIYSSGNTNYAQSFKGRVTISRDTSKNTLYLEMNSLRSEDTAVYYCARKYYYGYGYFDVWGQGTLVTVSS,DIVLTQSPSLSASPGDRVTISCRASQSGISNYLAWYQQKPGKAPKLLIYGASSRPSGVPDRFSGSGSGTDFTLTISGLQPEDEADYYCQQYDSSPWTFGGGTKLEIK
l13_4,QVQLVESGGEVVKPGGSLRLSCAASGFTFSSYYMSWVRQAPGKGLEWVGWIYSSGNTNYAQSFKGRVTISRDTSKNTLYLEMNSLRSEDTAVYYCARDYYYDYYYFDVWGQGTLVTVSS,DIVLTQSPSLSASPGDRVTISCRASQSGISNYLAWYQQKPGKAPKLLIYGASSRPSGVPDRFSGSGSGTDFTLTISGLQPEDEADYYCQQYDSSPWTFGGGTKLEIK
l13_5,QVQLVESGGEVVKPGGSLRLSCAASGFTFSSYYMSWVRQAPGKGLEWVGWIYSSGNTNYAQSFKGRVTISRDTSKNTLYLEMNSLRSEDTAVYYCARDYYYDYWYFDVWGQGTLVTVSS,DIVLTQSPSLSASPGDRVTISCRASQSGISNYLAWYQQKPGKAPKLLIYGASSRPSGVPDRFSGSGSGTDFTLTISGLQPEDEADYYCQQYDSSPWTFGGGTKLEIK
l13_6,QVQLVESGGEVVKPGGSLRLSCAASGFTFSSYYMSWVRQAPGKGLEWVGWIYSSGNTNYAQSFKGRVTISRDTSKNTLYLEMNSLRSEDTAVYYCARGRGYGYYAMDVWGQGTLVTVSS,DIVLTQSPSLSASPGDRVTISCRASQSGISNYLAWYQQKPGKAPKLLIYGASSRPSGVPDRFSGSGSGTDFTLTISGLQPEDEADYYCQQYDSSPWTFGGGTKLEIK
l13_7,QVQLVESGGEVVKPGGSLRLSCAASGFTFSSYYMSWVRQAPGKGLEWVGWIYSSGNTNYAQSFKGRVTISRDTSKNTLYLEMNSLRSEDTAVYYCARDYYDGSYAMDYWGQGTLVTVSS,DIVLTQSPSLSASPGDRVTISCRASQSGISNYLAWYQQKPGKAPKLLIYGASSRPSGVPDRFSGSGSGTDFTLTISGLQPEDEADYYCQQYDSSPWTFGGGTKLEIK
l13_8,QVQLVESGGEVVKPGGSLRLSCAASGFTFSSYYMSWVRQAPGKGLEWVGWIYSSGNTNYAQSFKGRVTISRDTSKNTLYLEMNSLRSEDTAVYYCARGYYFGYWYFDVWGQGTLVTVSS,DIVLTQSPSLSASPGDRVTISCRASQSGISNYLAWYQQKPGKAPKLLIYGASSRPSGVPDRFSGSGSGTDFTLTISGLQPEDEADYYCQQYDSSPWTFGGGTKLEIK
l13_9,QVQLVESGGEVVKPGGSLRLSCAASGFTFSSYYMSWVRQAPGKGLEWVGWIYSSGNTNYAQSFKGRVTISRDTSKNTLYLEMNSLRSEDTAVYYCARERGEYDYAMDYWGQGTLVTVSS,DIVLTQSPSLSASPGDRVTISCRASQSGISNYLAWYQQKPGKAPKLLIYGASSRPSGVPDRFSGSGSGTDFTLTISGLQPEDEADYYCQQYDSSPWTFGGGTKLEIK
l13_10,QVQLVESGGEVVKPGGSLRLSCAASGFTFSSYYMSWVRQAPGKGLEWVGWIYSSGNTNYAQSFKGRVTISRDTSKNTLYLEMNSLRSEDTAVYYCARRDYDGYGYFDVWGQGTLVTVSS,DIVLTQSPSLSASPGDRVTISCRASQSGISNYLAWYQQKPGKAPKLLIYGASSRPSGVPDRFSGSGSGTDFTLTISGLQPEDEADYYCQQYDSSPWTFGGGTKLEIK
l13_11,QVQLVESGGEVVKPGGSLRLSCAASGFTFSSYYMSWVRQAPGKGLEWVGWIYSSGNTNYAQSFKGRVTISRDTSKNTLYLEMNSLRSEDTAVYYCARLDYGDYYAMDYWGQGTLVTVSS,DIVLTQSPSLSASPGDRVTISCRASQSGISNYLAWYQQKPGKAPKLLIYGASSRPSGVPDRFSGSGSGTDFTLTISGLQPEDEADYYCQQYDSSPWTFGGGTKLEIK
l13_12,QVQLVESGGEVVKPGGSLRLSCAASGFTFSSYYMSWVRQAPGKGLEWVGWIYSSGNTNYAQSFKGRVTISRDTSKNTLYLEMNSLRSEDTAVYYCARTDYGYYGYFDVWGQGTLVTVSS,DIVLTQSPSLSASPGDRVTISCRASQSGISNYLAWYQQKPGKAPKLLIYGASSRPSGVPDRFSGSGSGTDFTLTISGLQPEDEADYYCQQYDSSPWTFGGGTKLEIK
l13_13,QVQLVESGGEVVKPGGSLRLSCAASGFTFSSYYMSWVRQAPGKGLEWVGWIYSSGNTNYAQSFKGRVTISRDTSKNTLYLEMNSLRSEDTAVYYCARDGGNYYGYFDVWGQGTLVTVSS,DIVLTQSPSLSASPGDRVTISCRASQSGISNYLAWYQQKPGKAPKLLIYGASSRPSGVPDRFSGSGSGTDFTLTISGLQPEDEADYYCQQYDSSPWTFGGGTKLEIK
l13_14,QVQLVESGGEVVKPGGSLRLSCAASGFTFSSYYMSWVRQAPGKGLEWVGWIYSSGNTNYAQSFKGRVTISRDTSKNTLYLEMNSLRSEDTAVYYCAREGSGYGYGFDYWGQGTLVTVSS,DIVLTQSPSLSASPGDRVTISCRASQSGISNYLAWYQQKPGKAPKLLIYGASSRPSGVPDRFSGSGSGTDFTLTISGLQPEDEADYYCQQYDSSPWTFGGGTKLEIK
l13_15,QVQLVESGGEVVKPGGSLRLSCAASGFTFSSYYMSWVRQAPGKGLEWVGWIYSSGNTNYAQSFKGRVTISRDTSKNTLYLEMNSLRSEDTAVYYCARDKYYDYWYFDVWGQGTLVTVSS,DIVLTQSPSLSASPGDRVTISCRASQSGISNYLAWYQQKPGKAPKLLIYGASSRPSGVPDRFSGSGSGTDFTLTISGLQPEDEADYYCQQYDSSPWTFGGGTKLEIK
l13_16,QVQLVESGGEVVKPGGSLRLSCAASGFTFSSYYMSWVRQAPGKGLEWVGWIYSSGNTNYAQSFKGRVTISRDTSKNTLYLEMNSLRSEDTAVYYCARERGDNYWYFDVWGQGTLVTVSS,DIVLTQSPSLSASPGDRVTISCRASQSGISNYLAWYQQKPGKAPKLLIYGASSRPSGVPDRFSGSGSGTDFTLTISGLQPEDEADYYCQQYDSSPWTFGGGTKLEIK
l13_17,QVQLVESGGEVVKPGGSLRLSCAASGFTFSSYYMSWVRQAPGKGLEWVGWIYSSGNTNYAQSFKGRVTISRDTSKNTLYLEMNSLRSEDTAVYYCARDRRRGGWYFDVWGQGTLVTVSS,DIVLTQSPSLSASPGDRVTISCRASQSGISNYLAWYQQKPGKAPKLLIYGASSRPSGVPDRFSGSGSGTDFTLTISGLQPEDEADYYCQQYDSSPWTFGGGTKLEIK
l13_18,QVQLVESGGEVVKPGGSLRLSCAASGFTFSSYYMSWVRQAPGKGLEWVGWIYSSGNTNYAQSFKGRVTISRDTSKNTLYLEMNSLRSEDTAVYYCARGKYYYGWGFDYWGQGTLVTVSS,DIVLTQSPSLSASPGDRVTISCRASQSGISNYLAWYQQKPGKAPKLLIYGASSRPSGVPDRFSGSGSGTDFTLTISGLQPEDEADYYCQQYDSSPWTFGGGTKLEIK
l13_19,QVQLVESGGEVVKPGGSLRLSCAASGFTFSSYYMSWVRQAPGKGLEWVGWIYSSGNTNYAQSFKGRVTISRDTSKNTLYLEMNSLRSEDTAVYYCARYYDGYYYGMDVWGQGTLVTVSS,DIVLTQSPSLSASPGDRVTISCRASQSGISNYLAWYQQKPGKAPKLLIYGASSRPSGVPDRFSGSGSGTDFTLTISGLQPEDEADYYCQQYDSSPWTFGGGTKLEIK
l13_20,QVQLVESGGEVVKPGGSLRLSCAASGFTFSSYYMSWVRQAPGKGLEWVGWIYSSGNTNYAQSFKGRVTISRDTSKNTLYLEMNSLRSEDTAVYYCARGGYYGSRYFDYWGQGTLVTVSS,DIVLTQSPSLSASPGDRVTISCRASQSGISNYLAWYQQKPGKAPKLLIYGASSRPSGVPDRFSGSGSGTDFTLTISGLQPEDEADYYCQQYDSSPWTFGGGTKLEIK
l13_21,QVQLVESGGEVVKPGGSLRLSCAASGFTFSSYYMSWVRQAPGKGLEWVGWIYSSGNTNYAQSFKGRVTISRDTSKNTLYLEMNSLRSEDTAVYYCARGGHYYGYYFDVWGQGTLVTVSS,DIVLTQSPSLSASPGDRVTISCRASQSGISNYLAWYQQKPGKAPKLLIYGASSRPSGVPDRFSGSGSGTDFTLTISGLQPEDEADYYCQQYDSSPWTFGGGTKLEIK
l13_22,QVQLVESGGEVVKPGGSLRLSCAASGFTFSSYYMSWVRQAPGKGLEWVGWIYSSGNTNYAQSFKGRVTISRDTSKNTLYLEMNSLRSEDTAVYYCAREGGDYDYGMDYWGQGTLVTVSS,DIVLTQSPSLSASPGDRVTISCRASQSGISNYLAWYQQKPGKAPKLLIYGASSRPSGVPDRFSGSGSGTDFTLTISGLQPEDEADYYCQQYDSSPWTFGGGTKLEIK
l13_23,QVQLVESGGEVVKPGGSLRLSCAASGFTFSSYYMSWVRQAPGKGLEWVGWIYSSGNTNYAQSFKGRVTISRDTSKNTLYLEMNSLRSEDTAVYYCAREGTTVGGGFDYWGQGTLVTVSS,DIVLTQSPSLSASPGDRVTISCRASQSGISNYLAWYQQKPGKAPKLLIYGASSRPSGVPDRFSGSGSGTDFTLTISGLQPEDEADYYCQQYDSSPWTFGGGTKLEIK
l13_24,QVQLVESGGEVVKPGGSLRLSCAASGFTFSSYYMSWVRQAPGKGLEWVGWIYSSGNTNYAQSFKGRVTISRDTSKNTLYLEMNSLRSEDTAVYYCARGYDYDGWYFDVWGQGTLVTVSS,DIVLTQSPSLSASPGDRVTISCRASQSGISNYLAWYQQKPGKAPKLLIYGASSRPSGVPDRFSGSGSGTDFTLTISGLQPEDEADYYCQQYDSSPWTFGGGTKLEIK
l13_25,QVQLVESGGEVVKPGGSLRLSCAASGFTFSSYYMSWVRQAPGKGLEWVGWIYSSGNTNYAQSFKGRVTISRDTSKNTLYLEMNSLRSEDTAVYYCARKRRGDYWYFDVWGQGTLVTVSS,DIVLTQSPSLSASPGDRVTISCRASQSGISNYLAWYQQKPGKAPKLLIYGASSRPSGVPDRFSGSGSGTDFTLTISGLQPEDEADYYCQQYDSSPWTFGGGTKLEIK
l13_26,QVQLVESGGEVVKPGGSLRLSCAASGFTFSSYYMSWVRQAPGKGLEWVGWIYSSGNTNYAQSFKGRVTISRDTSKNTLYLEMNSLRSEDTAVYYCARERLRRDWYFDVWGQGTLVTVSS,DIVLTQSPSLSASPGDRVTISCRASQSGISNYLAWYQQKPGKAPKLLIYGASSRPSGVPDRFSGSGSGTDFTLTISGLQPEDEADYYCQQYDSSPWTFGGGTKLEIK
l13_27,QVQLVESGGEVVKPGGSLRLSCAASGFTFSSYYMSWVRQAPGKGLEWVGWIYSSGNTNYAQSFKGRVTISRDTSKNTLYLEMNSLRSEDTAVYYCARGERGDYGYFDVWGQGTLVTVSS,DIVLTQSPSLSASPGDRVTISCRASQSGISNYLAWYQQKPGKAPKLLIYGASSRPSGVPDRFSGSGSGTDFTLTISGLQPEDEADYYCQQYDSSPWTFGGGTKLEIK
l13_28,QVQLVESGGEVVKPGGSLRLSCAASGFTFSSYYMSWVRQAPGKGLEWVGWIYSSGNTNYAQSFKGRVTISRDTSKNTLYLEMNSLRSEDTAVYYCARHYYYSGYYFDVWGQGTLVTVSS,DIVLTQSPSLSASPGDRVTISCRASQSGISNYLAWYQQKPGKAPKLLIYGASSRPSGVPDRFSGSGSGTDFTLTISGLQPEDEADYYCQQYDSSPWTFGGGTKLEIK
l13_29,QVQLVESGGEVVKPGGSLRLSCAASGFTFSSYYMSWVRQAPGKGLEWVGWIYSSGNTNYAQSFKGRVTISRDTSKNTLYLEMNSLRSEDTAVYYCARHYDGSSYYFDVWGQGTLVTVSS,DIVLTQSPSLSASPGDRVTISCRASQSGISNYLAWYQQKPGKAPKLLIYGASSRPSGVPDRFSGSGSGTDFTLTISGLQPEDEADYYCQQYDSSPWTFGGGTKLEIK
l13_30,QVQLVESGGEVVKPGGSLRLSCAASGFTFSSYYMSWVRQAPGKGLEWVGWIYSSGNTNYAQSFKGRVTISRDTSKNTLYLEMNSLRSEDTAVYYCARDYGYGYGSFDIWGQGTLVTVSS,DIVLTQSPSLSASPGDRVTISCRASQSGISNYLAWYQQKPGKAPKLLIYGASSRPSGVPDRFSGSGSGTDFTLTISGLQPEDEADYYCQQYDSSPWTFGGGTKLEIK
l13_31,QVQLVESGGEVVKPGGSLRLSCAASGFTFSSYYMSWVRQAPGKGLEWVGWIYSSGNTNYAQSFKGRVTISRDTSKNTLYLEMNSLRSEDTAVYYCARLYYYYGGWFDYWGQGTLVTVSS,DIVLTQSPSLSASPGDRVTISCRASQSGISNYLAWYQQKPGKAPKLLIYGASSRPSGVPDRFSGSGSGTDFTLTISGLQPEDEADYYCQQYDSSPWTFGGGTKLEIK
l13_32,QVQLVESGGEVVKPGGSLRLSCAASGFTFSSYYMSWVRQAPGKGLEWVGWIYSSGNTNYAQSFKGRVTISRDTSKNTLYLEMNSLRSEDTAVYYCARDKYYYDYYFDVWGQGTLVTVSS,DIVLTQSPSLSASPGDRVTISCRASQSGISNYLAWYQQKPGKAPKLLIYGASSRPSGVPDRFSGSGSGTDFTLTISGLQPEDEADYYCQQYDSSPWTFGGGTKLEIK
l13_33,QVQLVESGGEVVKPGGSLRLSCAASGFTFSSYYMSWVRQAPGKGLEWVGWIYSSGNTNYAQSFKGRVTISRDTSKNTLYLEMNSLRSEDTAVYYCARGGAYGYYYFDYWGQGTLVTVSS,DIVLTQSPSLSASPGDRVTISCRASQSGISNYLAWYQQKPGKAPKLLIYGASSRPSGVPDRFSGSGSGTDFTLTISGLQPEDEADYYCQQYDSSPWTFGGGTKLEIK
l13_34,QVQLVESGGEVVKPGGSLRLSCAASGFTFSSYYMSWVRQAPGKGLEWVGWIYSSGNTNYAQSFKGRVTISRDTSKNTLYLEMNSLRSEDTAVYYCARGKGDYYGWFAYWGQGTLVTVSS,DIVLTQSPSLSASPGDRVTISCRASQSGISNYLAWYQQKPGKAPKLLIYGASSRPSGVPDRFSGSGSGTDFTLTISGLQPEDEADYYCQQYDSSPWTFGGGTKLEIK
l13_35,QVQLVESGGEVVKPGGSLRLSCAASGFTFSSYYMSWVRQAPGKGLEWVGWIYSSGNTNYAQSFKGRVTISRDTSKNTLYLEMNSLRSEDTAVYYCARKYYGNYYGFDYWGQGTLVTVSS,DIVLTQSPSLSASPGDRVTISCRASQSGISNYLAWYQQKPGKAPKLLIYGASSRPSGVPDRFSGSGSGTDFTLTISGLQPEDEADYYCQQYDSSPWTFGGGTKLEIK
l13_36,QVQLVESGGEVVKPGGSLRLSCAASGFTFSSYYMSWVRQAPGKGLEWVGWIYSSGNTNYAQSFKGRVTISRDTSKNTLYLEMNSLRSEDTAVYYCARGYGYYVWGFDYWGQGTLVTVSS,DIVLTQSPSLSASPGDRVTISCRASQSGISNYLAWYQQKPGKAPKLLIYGASSRPSGVPDRFSGSGSGTDFTLTISGLQPEDEADYYCQQYDSSPWTFGGGTKLEIK
l13_37,QVQLVESGGEVVKPGGSLRLSCAASGFTFSSYYMSWVRQAPGKGLEWVGWIYSSGNTNYAQSFKGRVTISRDTSKNTLYLEMNSLRSEDTAVYYCARERGVGGGGMDYWGQGTLVTVSS,DIVLTQSPSLSASPGDRVTISCRASQSGISNYLAWYQQKPGKAPKLLIYGASSRPSGVPDRFSGSGSGTDFTLTISGLQPEDEADYYCQQYDSSPWTFGGGTKLEIK
l13_38,QVQLVESGGEVVKPGGSLRLSCAASGFTFSSYYMSWVRQAPGKGLEWVGWIYSSGNTNYAQSFKGRVTISRDTSKNTLYLEMNSLRSEDTAVYYCARLYGDYWDWFAYWGQGTLVTVSS,DIVLTQSPSLSASPGDRVTISCRASQSGISNYLAWYQQKPGKAPKLLIYGASSRPSGVPDRFSGSGSGTDFTLTISGLQPEDEADYYCQQYDSSPWTFGGGTKLEIK
l13_39,QVQLVESGGEVVKPGGSLRLSCAASGFTFSSYYMSWVRQAPGKGLEWVGWIYSSGNTNYAQSFKGRVTISRDTSKNTLYLEMNSLRSEDTAVYYCAREYADYDYAMDYWGQGTLVTVSS,DIVLTQSPSLSASPGDRVTISCRASQSGISNYLAWYQQKPGKAPKLLIYGASSRPSGVPDRFSGSGSGTDFTLTISGLQPEDEADYYCQQYDSSPWTFGGGTKLEIK
l13_40,QVQLVESGGEVVKPGGSLRLSCAASGFTFSSYYMSWVRQAPGKGLEWVGWIYSSGNTNYAQSFKGRVTISRDTSKNTLYLEMNSLRSEDTAVYYCAREGYGRGGRFDYWGQGTLVTVSS,DIVLTQSPSLSASPGDRVTISCRASQSGISNYLAWYQQKPGKAPKLLIYGASSRPSGVPDRFSGSGSGTDFTLTISGLQPEDEADYYCQQYDSSPWTFGGGTKLEIK
l13_41,QVQLVESGGEVVKPGGSLRLSCAASGFTFSSYYMSWVRQAPGKGLEWVGWIYSSGNTNYAQSFKGRVTISRDTSKNTLYLEMNSLRSEDTAVYYCARLLYGYVWDFDYWGQGTLVTVSS,DIVLTQSPSLSASPGDRVTISCRASQSGISNYLAWYQQKPGKAPKLLIYGASSRPSGVPDRFSGSGSGTDFTLTISGLQPEDEADYYCQQYDSSPWTFGGGTKLEIK
l13_42,QVQLVESGGEVVKPGGSLRLSCAASGFTFSSYYMSWVRQAPGKGLEWVGWIYSSGNTNYAQSFKGRVTISRDTSKNTLYLEMNSLRSEDTAVYYCAREGYPNYYYFDVWGQGTLVTVSS,DIVLTQSPSLSASPGDRVTISCRASQSGISNYLAWYQQKPGKAPKLLIYGASSRPSGVPDRFSGSGSGTDFTLTISGLQPEDEADYYCQQYDSSPWTFGGGTKLEIK
l13_43,QVQLVESGGEVVKPGGSLRLSCAASGFTFSSYYMSWVRQAPGKGLEWVGWIYSSGNTNYAQSFKGRVTISRDTSKNTLYLEMNSLRSEDTAVYYCARERRRGPYAFDYWGQGTLVTVSS,DIVLTQSPSLSASPGDRVTISCRASQSGISNYLAWYQQKPGKAPKLLIYGASSRPSGVPDRFSGSGSGTDFTLTISGLQPEDEADYYCQQYDSSPWTFGGGTKLEIK
l13_44,QVQLVESGGEVVKPGGSLRLSCAASGFTFSSYYMSWVRQAPGKGLEWVGWIYSSGNTNYAQSFKGRVTISRDTSKNTLYLEMNSLRSEDTAVYYCARLYGYGSPGMDYWGQGTLVTVSS,DIVLTQSPSLSASPGDRVTISCRASQSGISNYLAWYQQKPGKAPKLLIYGASSRPSGVPDRFSGSGSGTDFTLTISGLQPEDEADYYCQQYDSSPWTFGGGTKLEIK
l13_45,QVQLVESGGEVVKPGGSLRLSCAASGFTFSSYYMSWVRQAPGKGLEWVGWIYSSGNTNYAQSFKGRVTISRDTSKNTLYLEMNSLRSEDTAVYYCARLYGFYYAYFDVWGQGTLVTVSS,DIVLTQSPSLSASPGDRVTISCRASQSGISNYLAWYQQKPGKAPKLLIYGASSRPSGVPDRFSGSGSGTDFTLTISGLQPEDEADYYCQQYDSSPWTFGGGTKLEIK
l13_46,QVQLVESGGEVVKPGGSLRLSCAASGFTFSSYYMSWVRQAPGKGLEWVGWIYSSGNTNYAQSFKGRVTISRDTSKNTLYLEMNSLRSEDTAVYYCARDLRYGYYWFDYWGQGTLVTVSS,DIVLTQSPSLSASPGDRVTISCRASQSGISNYLAWYQQKPGKAPKLLIYGASSRPSGVPDRFSGSGSGTDFTLTISGLQPEDEADYYCQQYDSSPWTFGGGTKLEIK
l13_47,QVQLVESGGEVVKPGGSLRLSCAASGFTFSSYYMSWVRQAPGKGLEWVGWIYSSGNTNYAQSFKGRVTISRDTSKNTLYLEMNSLRSEDTAVYYCARDDYYYYRGFDYWGQGTLVTVSS,DIVLTQSPSLSASPGDRVTISCRASQSGISNYLAWYQQKPGKAPKLLIYGASSRPSGVPDRFSGSGSGTDFTLTISGLQPEDEADYYCQQYDSSPWTFGGGTKLEIK
l13_48,QVQLVESGGEVVKPGGSLRLSCAASGFTFSSYYMSWVRQAPGKGLEWVGWIYSSGNTNYAQSFKGRVTISRDTSKNTLYLEMNSLRSEDTAVYYCARGYYGYGYEFDYWGQGTLVTVSS,DIVLTQSPSLSASPGDRVTISCRASQSGISNYLAWYQQKPGKAPKLLIYGASSRPSGVPDRFSGSGSGTDFTLTISGLQPEDEADYYCQQYDSSPWTFGGGTKLEIK
l13_49,QVQLVESGGEVVKPGGSLRLSCAASGFTFSSYYMSWVRQAPGKGLEWVGWIYSSGNTNYAQSFKGRVTISRDTSKNTLYLEMNSLRSEDTAVYYCARFGYDYYSGFDYWGQGTLVTVSS,DIVLTQSPSLSASPGDRVTISCRASQSGISNYLAWYQQKPGKAPKLLIYGASSRPSGVPDRFSGSGSGTDFTLTISGLQPEDEADYYCQQYDSSPWTFGGGTKLEIK
l13_50,QVQLVESGGEVVKPGGSLRLSCAASGFTFSSYYMSWVRQAPGKGLEWVGWIYSSGNTNYAQSFKGRVTISRDTSKNTLYLEMNSLRSEDTAVYYCARGGYGSWGAFDYWGQGTLVTVSS,DIVLTQSPSLSASPGDRVTISCRASQSGISNYLAWYQQKPGKAPKLLIYGASSRPSGVPDRFSGSGSGTDFTLTISGLQPEDEADYYCQQYDSSPWTFGGGTKLEIK
l13_51,QVQLVESGGEVVKPGGSLRLSCAASGFTFSSYYMSWVRQAPGKGLEWVGWIYSSGNTNYAQSFKGRVTISRDTSKNTLYLEMNSLRSEDTAVYYCARGHSYYGYGFDYWGQGTLVTVSS,DIVLTQSPSLSASPGDRVTISCRASQSGISNYLAWYQQKPGKAPKLLIYGASSRPSGVPDRFSGSGSGTDFTLTISGLQPEDEADYYCQQYDSSPWTFGGGTKLEIK
l13_52,QVQLVESGGEVVKPGGSLRLSCAASGFTFSSYYMSWVRQAPGKGLEWVGWIYSSGNTNYAQSFKGRVTISRDTSKNTLYLEMNSLRSEDTAVYYCARLIYYGNYGFDYWGQGTLVTVSS,DIVLTQSPSLSASPGDRVTISCRASQSGISNYLAWYQQKPGKAPKLLIYGASSRPSGVPDRFSGSGSGTDFTLTISGLQPEDEADYYCQQYDSSPWTFGGGTKLEIK
l13_53,QVQLVESGGEVVKPGGSLRLSCAASGFTFSSYYMSWVRQAPGKGLEWVGWIYSSGNTNYAQSFKGRVTISRDTSKNTLYLEMNSLRSEDTAVYYCARVGRSSYYAMDYWGQGTLVTVSS,DIVLTQSPSLSASPGDRVTISCRASQSGISNYLAWYQQKPGKAPKLLIYGASSRPSGVPDRFSGSGSGTDFTLTISGLQPEDEADYYCQQYDSSPWTFGGGTKLEIK
l13_54,QVQLVESGGEVVKPGGSLRLSCAASGFTFSSYYMSWVRQAPGKGLEWVGWIYSSGNTNYAQSFKGRVTISRDTSKNTLYLEMNSLRSEDTAVYYCARLIYGYGYAFDYWGQGTLVTVSS,DIVLTQSPSLSASPGDRVTISCRASQSGISNYLAWYQQKPGKAPKLLIYGASSRPSGVPDRFSGSGSGTDFTLTISGLQPEDEADYYCQQYDSSPWTFGGGTKLEIK
l13_55,QVQLVESGGEVVKPGGSLRLSCAASGFTFSSYYMSWVRQAPGKGLEWVGWIYSSGNTNYAQSFKGRVTISRDTSKNTLYLEMNSLRSEDTAVYYCARKGYFGNWDFDYWGQGTLVTVSS,DIVLTQSPSLSASPGDRVTISCRASQSGISNYLAWYQQKPGKAPKLLIYGASSRPSGVPDRFSGSGSGTDFTLTISGLQPEDEADYYCQQYDSSPWTFGGGTKLEIK
l13_56,QVQLVESGGEVVKPGGSLRLSCAASGFTFSSYYMSWVRQAPGKGLEWVGWIYSSGNTNYAQSFKGRVTISRDTSKNTLYLEMNSLRSEDTAVYYCARANYDYGYGMDVWGQGTLVTVSS,DIVLTQSPSLSASPGDRVTISCRASQSGISNYLAWYQQKPGKAPKLLIYGASSRPSGVPDRFSGSGSGTDFTLTISGLQPEDEADYYCQQYDSSPWTFGGGTKLEIK
l13_57,QVQLVESGGEVVKPGGSLRLSCAASGFTFSSYYMSWVRQAPGKGLEWVGWIYSSGNTNYAQSFKGRVTISRDTSKNTLYLEMNSLRSEDTAVYYCARDRGDYYANFDYWGQGTLVTVSS,DIVLTQSPSLSASPGDRVTISCRASQSGISNYLAWYQQKPGKAPKLLIYGASSRPSGVPDRFSGSGSGTDFTLTISGLQPEDEADYYCQQYDSSPWTFGGGTKLEIK
l13_58,QVQLVESGGEVVKPGGSLRLSCAASGFTFSSYYMSWVRQAPGKGLEWVGWIYSSGNTNYAQSFKGRVTISRDTSKNTLYLEMNSLRSEDTAVYYCARLYYYDGYGMDVWGQGTLVTVSS,DIVLTQSPSLSASPGDRVTISCRASQSGISNYLAWYQQKPGKAPKLLIYGASSRPSGVPDRFSGSGSGTDFTLTISGLQPEDEADYYCQQYDSSPWTFGGGTKLEIK
l13_59,QVQLVESGGEVVKPGGSLRLSCAASGFTFSSYYMSWVRQAPGKGLEWVGWIYSSGNTNYAQSFKGRVTISRDTSKNTLYLEMNSLRSEDTAVYYCARHYYYDAWGFDVWGQGTLVTVSS,DIVLTQSPSLSASPGDRVTISCRASQSGISNYLAWYQQKPGKAPKLLIYGASSRPSGVPDRFSGSGSGTDFTLTISGLQPEDEADYYCQQYDSSPWTFGGGTKLEIK
l13_60,QVQLVESGGEVVKPGGSLRLSCAASGFTFSSYYMSWVRQAPGKGLEWVGWIYSSGNTNYAQSFKGRVTISRDTSKNTLYLEMNSLRSEDTAVYYCARRYYYSYDYFDVWGQGTLVTVSS,DIVLTQSPSLSASPGDRVTISCRASQSGISNYLAWYQQKPGKAPKLLIYGASSRPSGVPDRFSGSGSGTDFTLTISGLQPEDEADYYCQQYDSSPWTFGGGTKLEIK
l13_61,QVQLVESGGEVVKPGGSLRLSCAASGFTFSSYYMSWVRQAPGKGLEWVGWIYSSGNTNYAQSFKGRVTISRDTSKNTLYLEMNSLRSEDTAVYYCARRGGLRYYGMDYWGQGTLVTVSS,DIVLTQSPSLSASPGDRVTISCRASQSGISNYLAWYQQKPGKAPKLLIYGASSRPSGVPDRFSGSGSGTDFTLTISGLQPEDEADYYCQQYDSSPWTFGGGTKLEIK
l13_62,QVQLVESGGEVVKPGGSLRLSCAASGFTFSSYYMSWVRQAPGKGLEWVGWIYSSGNTNYAQSFKGRVTISRDTSKNTLYLEMNSLRSEDTAVYYCARAYYSRSGWFDYWGQGTLVTVSS,DIVLTQSPSLSASPGDRVTISCRASQSGISNYLAWYQQKPGKAPKLLIYGASSRPSGVPDRFSGSGSGTDFTLTISGLQPEDEADYYCQQYDSSPWTFGGGTKLEIK
l13_63,QVQLVESGGEVVKPGGSLRLSCAASGFTFSSYYMSWVRQAPGKGLEWVGWIYSSGNTNYAQSFKGRVTISRDTSKNTLYLEMNSLRSEDTAVYYCARDYYGNVYWFDYWGQGTLVTVSS,DIVLTQSPSLSASPGDRVTISCRASQSGISNYLAWYQQKPGKAPKLLIYGASSRPSGVPDRFSGSGSGTDFTLTISGLQPEDEADYYCQQYDSSPWTFGGGTKLEIK
l13_64,QVQLVESGGEVVKPGGSLRLSCAASGFTFSSYYMSWVRQAPGKGLEWVGWIYSSGNTNYAQSFKGRVTISRDTSKNTLYLEMNSLRSEDTAVYYCARERGDYAHGFDYWGQGTLVTVSS,DIVLTQSPSLSASPGDRVTISCRASQSGISNYLAWYQQKPGKAPKLLIYGASSRPSGVPDRFSGSGSGTDFTLTISGLQPEDEADYYCQQYDSSPWTFGGGTKLEIK
l13_65,QVQLVESGGEVVKPGGSLRLSCAASGFTFSSYYMSWVRQAPGKGLEWVGWIYSSGNTNYAQSFKGRVTISRDTSKNTLYLEMNSLRSEDTAVYYCARALTVRDYAMDYWGQGTLVTVSS,DIVLTQSPSLSASPGDRVTISCRASQSGISNYLAWYQQKPGKAPKLLIYGASSRPSGVPDRFSGSGSGTDFTLTISGLQPEDEADYYCQQYDSSPWTFGGGTKLEIK
l13_66,QVQLVESGGEVVKPGGSLRLSCAASGFTFSSYYMSWVRQAPGKGLEWVGWIYSSGNTNYAQSFKGRVTISRDTSKNTLYLEMNSLRSEDTAVYYCARENYGGSGYFDYWGQGTLVTVSS,DIVLTQSPSLSASPGDRVTISCRASQSGISNYLAWYQQKPGKAPKLLIYGASSRPSGVPDRFSGSGSGTDFTLTISGLQPEDEADYYCQQYDSSPWTFGGGTKLEIK
l13_67,QVQLVESGGEVVKPGGSLRLSCAASGFTFSSYYMSWVRQAPGKGLEWVGWIYSSGNTNYAQSFKGRVTISRDTSKNTLYLEMNSLRSEDTAVYYCARGYYTTVGGMDYWGQGTLVTVSS,DIVLTQSPSLSASPGDRVTISCRASQSGISNYLAWYQQKPGKAPKLLIYGASSRPSGVPDRFSGSGSGTDFTLTISGLQPEDEADYYCQQYDSSPWTFGGGTKLEIK
l13_68,QVQLVESGGEVVKPGGSLRLSCAASGFTFSSYYMSWVRQAPGKGLEWVGWIYSSGNTNYAQSFKGRVTISRDTSKNTLYLEMNSLRSEDTAVYYCARREGAYGYYFDVWGQGTLVTVSS,DIVLTQSPSLSASPGDRVTISCRASQSGISNYLAWYQQKPGKAPKLLIYGASSRPSGVPDRFSGSGSGTDFTLTISGLQPEDEADYYCQQYDSSPWTFGGGTKLEIK
l13_69,QVQLVESGGEVVKPGGSLRLSCAASGFTFSSYYMSWVRQAPGKGLEWVGWIYSSGNTNYAQSFKGRVTISRDTSKNTLYLEMNSLRSEDTAVYYCAREYGDLDAWFAYWGQGTLVTVSS,DIVLTQSPSLSASPGDRVTISCRASQSGISNYLAWYQQKPGKAPKLLIYGASSRPSGVPDRFSGSGSGTDFTLTISGLQPEDEADYYCQQYDSSPWTFGGGTKLEIK
l13_70,QVQLVESGGEVVKPGGSLRLSCAASGFTFSSYYMSWVRQAPGKGLEWVGWIYSSGNTNYAQSFKGRVTISRDTSKNTLYLEMNSLRSEDTAVYYCARGDYGDFVWFDYWGQGTLVTVSS,DIVLTQSPSLSASPGDRVTISCRASQSGISNYLAWYQQKPGKAPKLLIYGASSRPSGVPDRFSGSGSGTDFTLTISGLQPEDEADYYCQQYDSSPWTFGGGTKLEIK
l13_71,QVQLVESGGEVVKPGGSLRLSCAASGFTFSSYYMSWVRQAPGKGLEWVGWIYSSGNTNYAQSFKGRVTISRDTSKNTLYLEMNSLRSEDTAVYYCARRDVRLDWYFDVWGQGTLVTVSS,DIVLTQSPSLSASPGDRVTISCRASQSGISNYLAWYQQKPGKAPKLLIYGASSRPSGVPDRFSGSGSGTDFTLTISGLQPEDEADYYCQQYDSSPWTFGGGTKLEIK
l13_72,QVQLVESGGEVVKPGGSLRLSCAASGFTFSSYYMSWVRQAPGKGLEWVGWIYSSGNTNYAQSFKGRVTISRDTSKNTLYLEMNSLRSEDTAVYYCARLYGYGNYGMDVWGQGTLVTVSS,DIVLTQSPSLSASPGDRVTISCRASQSGISNYLAWYQQKPGKAPKLLIYGASSRPSGVPDRFSGSGSGTDFTLTISGLQPEDEADYYCQQYDSSPWTFGGGTKLEIK
l13_73,QVQLVESGGEVVKPGGSLRLSCAASGFTFSSYYMSWVRQAPGKGLEWVGWIYSSGNTNYAQSFKGRVTISRDTSKNTLYLEMNSLRSEDTAVYYCARAYYRRDWGFDYWGQGTLVTVSS,DIVLTQSPSLSASPGDRVTISCRASQSGISNYLAWYQQKPGKAPKLLIYGASSRPSGVPDRFSGSGSGTDFTLTISGLQPEDEADYYCQQYDSSPWTFGGGTKLEIK
l13_74,QVQLVESGGEVVKPGGSLRLSCAASGFTFSSYYMSWVRQAPGKGLEWVGWIYSSGNTNYAQSFKGRVTISRDTSKNTLYLEMNSLRSEDTAVYYCARERDYGNYVMDVWGQGTLVTVSS,DIVLTQSPSLSASPGDRVTISCRASQSGISNYLAWYQQKPGKAPKLLIYGASSRPSGVPDRFSGSGSGTDFTLTISGLQPEDEADYYCQQYDSSPWTFGGGTKLEIK
l13_75,QVQLVESGGEVVKPGGSLRLSCAASGFTFSSYYMSWVRQAPGKGLEWVGWIYSSGNTNYAQSFKGRVTISRDTSKNTLYLEMNSLRSEDTAVYYCARVRLRGNWDFDYWGQGTLVTVSS,DIVLTQSPSLSASPGDRVTISCRASQSGISNYLAWYQQKPGKAPKLLIYGASSRPSGVPDRFSGSGSGTDFTLTISGLQPEDEADYYCQQYDSSPWTFGGGTKLEIK
l13_76,QVQLVESGGEVVKPGGSLRLSCAASGFTFSSYYMSWVRQAPGKGLEWVGWIYSSGNTNYAQSFKGRVTISRDTSKNTLYLEMNSLRSEDTAVYYCARSGMYYDYYFDVWGQGTLVTVSS,DIVLTQSPSLSASPGDRVTISCRASQSGISNYLAWYQQKPGKAPKLLIYGASSRPSGVPDRFSGSGSGTDFTLTISGLQPEDEADYYCQQYDSSPWTFGGGTKLEIK
l13_77,QVQLVESGGEVVKPGGSLRLSCAASGFTFSSYYMSWVRQAPGKGLEWVGWIYSSGNTNYAQSFKGRVTISRDTSKNTLYLEMNSLRSEDTAVYYCARGGDYYTGAMDYWGQGTLVTVSS,DIVLTQSPSLSASPGDRVTISCRASQSGISNYLAWYQQKPGKAPKLLIYGASSRPSGVPDRFSGSGSGTDFTLTISGLQPEDEADYYCQQYDSSPWTFGGGTKLEIK
l13_78,QVQLVESGGEVVKPGGSLRLSCAASGFTFSSYYMSWVRQAPGKGLEWVGWIYSSGNTNYAQSFKGRVTISRDTSKNTLYLEMNSLRSEDTAVYYCARLYYGFGSPFDYWGQGTLVTVSS,DIVLTQSPSLSASPGDRVTISCRASQSGISNYLAWYQQKPGKAPKLLIYGASSRPSGVPDRFSGSGSGTDFTLTISGLQPEDEADYYCQQYDSSPWTFGGGTKLEIK
l13_79,QVQLVESGGEVVKPGGSLRLSCAASGFTFSSYYMSWVRQAPGKGLEWVGWIYSSGNTNYAQSFKGRVTISRDTSKNTLYLEMNSLRSEDTAVYYCARERARGRYGFDYWGQGTLVTVSS,DIVLTQSPSLSASPGDRVTISCRASQSGISNYLAWYQQKPGKAPKLLIYGASSRPSGVPDRFSGSGSGTDFTLTISGLQPEDEADYYCQQYDSSPWTFGGGTKLEIK
l13_80,QVQLVESGGEVVKPGGSLRLSCAASGFTFSSYYMSWVRQAPGKGLEWVGWIYSSGNTNYAQSFKGRVTISRDTSKNTLYLEMNSLRSEDTAVYYCARDGYRVRGAFDYWGQGTLVTVSS,DIVLTQSPSLSASPGDRVTISCRASQSGISNYLAWYQQKPGKAPKLLIYGASSRPSGVPDRFSGSGSGTDFTLTISGLQPEDEADYYCQQYDSSPWTFGGGTKLEIK
l13_81,QVQLVESGGEVVKPGGSLRLSCAASGFTFSSYYMSWVRQAPGKGLEWVGWIYSSGNTNYAQSFKGRVTISRDTSKNTLYLEMNSLRSEDTAVYYCARERLPYYGWFDYWGQGTLVTVSS,DIVLTQSPSLSASPGDRVTISCRASQSGISNYLAWYQQKPGKAPKLLIYGASSRPSGVPDRFSGSGSGTDFTLTISGLQPEDEADYYCQQYDSSPWTFGGGTKLEIK
l13_82,QVQLVESGGEVVKPGGSLRLSCAASGFTFSSYYMSWVRQAPGKGLEWVGWIYSSGNTNYAQSFKGRVTISRDTSKNTLYLEMNSLRSEDTAVYYCARSYGGRYYGMDVWGQGTLVTVSS,DIVLTQSPSLSASPGDRVTISCRASQSGISNYLAWYQQKPGKAPKLLIYGASSRPSGVPDRFSGSGSGTDFTLTISGLQPEDEADYYCQQYDSSPWTFGGGTKLEIK
l13_83,QVQLVESGGEVVKPGGSLRLSCAASGFTFSSYYMSWVRQAPGKGLEWVGWIYSSGNTNYAQSFKGRVTISRDTSKNTLYLEMNSLRSEDTAVYYCARMYYDFSWYFDVWGQGTLVTVSS,DIVLTQSPSLSASPGDRVTISCRASQSGISNYLAWYQQKPGKAPKLLIYGASSRPSGVPDRFSGSGSGTDFTLTISGLQPEDEADYYCQQYDSSPWTFGGGTKLEIK
l13_84,QVQLVESGGEVVKPGGSLRLSCAASGFTFSSYYMSWVRQAPGKGLEWVGWIYSSGNTNYAQSFKGRVTISRDTSKNTLYLEMNSLRSEDTAVYYCARGGSYSYVWFAYWGQGTLVTVSS,DIVLTQSPSLSASPGDRVTISCRASQSGISNYLAWYQQKPGKAPKLLIYGASSRPSGVPDRFSGSGSGTDFTLTISGLQPEDEADYYCQQYDSSPWTFGGGTKLEIK
l13_85,QVQLVESGGEVVKPGGSLRLSCAASGFTFSSYYMSWVRQAPGKGLEWVGWIYSSGNTNYAQSFKGRVTISRDTSKNTLYLEMNSLRSEDTAVYYCARGTDVRDGWFAYWGQGTLVTVSS,DIVLTQSPSLSASPGDRVTISCRASQSGISNYLAWYQQKPGKAPKLLIYGASSRPSGVPDRFSGSGSGTDFTLTISGLQPEDEADYYCQQYDSSPWTFGGGTKLEIK
l13_86,QVQLVESGGEVVKPGGSLRLSCAASGFTFSSYYMSWVRQAPGKGLEWVGWIYSSGNTNYAQSFKGRVTISRDTSKNTLYLEMNSLRSEDTAVYYCARDGYYYDYVMDYWGQGTLVTVSS,DIVLTQSPSLSASPGDRVTISCRASQSGISNYLAWYQQKPGKAPKLLIYGASSRPSGVPDRFSGSGSGTDFTLTISGLQPEDEADYYCQQYDSSPWTFGGGTKLEIK
l13_87,QVQLVESGGEVVKPGGSLRLSCAASGFTFSSYYMSWVRQAPGKGLEWVGWIYSSGNTNYAQSFKGRVTISRDTSKNTLYLEMNSLRSEDTAVYYCARGYYGSDWEFDVWGQGTLVTVSS,DIVLTQSPSLSASPGDRVTISCRASQSGISNYLAWYQQKPGKAPKLLIYGASSRPSGVPDRFSGSGSGTDFTLTISGLQPEDEADYYCQQYDSSPWTFGGGTKLEIK
l13_88,QVQLVESGGEVVKPGGSLRLSCAASGFTFSSYYMSWVRQAPGKGLEWVGWIYSSGNTNYAQSFKGRVTISRDTSKNTLYLEMNSLRSEDTAVYYCARDRGLLLGGFDYWGQGTLVTVSS,DIVLTQSPSLSASPGDRVTISCRASQSGISNYLAWYQQKPGKAPKLLIYGASSRPSGVPDRFSGSGSGTDFTLTISGLQPEDEADYYCQQYDSSPWTFGGGTKLEIK
l13_89,QVQLVESGGEVVKPGGSLRLSCAASGFTFSSYYMSWVRQAPGKGLEWVGWIYSSGNTNYAQSFKGRVTISRDTSKNTLYLEMNSLRSEDTAVYYCARDPYGYYDGFAYWGQGTLVTVSS,DIVLTQSPSLSASPGDRVTISCRASQSGISNYLAWYQQKPGKAPKLLIYGASSRPSGVPDRFSGSGSGTDFTLTISGLQPEDEADYYCQQYDSSPWTFGGGTKLEIK
l13_90,QVQLVESGGEVVKPGGSLRLSCAASGFTFSSYYMSWVRQAPGKGLEWVGWIYSSGNTNYAQSFKGRVTISRDTSKNTLYLEMNSLRSEDTAVYYCARDYYDNGSGLDYWGQGTLVTVSS,DIVLTQSPSLSASPGDRVTISCRASQSGISNYLAWYQQKPGKAPKLLIYGASSRPSGVPDRFSGSGSGTDFTLTISGLQPEDEADYYCQQYDSSPWTFGGGTKLEIK
l13_91,QVQLVESGGEVVKPGGSLRLSCAASGFTFSSYYMSWVRQAPGKGLEWVGWIYSSGNTNYAQSFKGRVTISRDTSKNTLYLEMNSLRSEDTAVYYCARSYYDSRRGFDYWGQGTLVTVSS,DIVLTQSPSLSASPGDRVTISCRASQSGISNYLAWYQQKPGKAPKLLIYGASSRPSGVPDRFSGSGSGTDFTLTISGLQPEDEADYYCQQYDSSPWTFGGGTKLEIK
l13_92,QVQLVESGGEVVKPGGSLRLSCAASGFTFSSYYMSWVRQAPGKGLEWVGWIYSSGNTNYAQSFKGRVTISRDTSKNTLYLEMNSLRSEDTAVYYCARGYSRVGEAMDYWGQGTLVTVSS,DIVLTQSPSLSASPGDRVTISCRASQSGISNYLAWYQQKPGKAPKLLIYGASSRPSGVPDRFSGSGSGTDFTLTISGLQPEDEADYYCQQYDSSPWTFGGGTKLEIK
l13_93,QVQLVESGGEVVKPGGSLRLSCAASGFTFSSYYMSWVRQAPGKGLEWVGWIYSSGNTNYAQSFKGRVTISRDTSKNTLYLEMNSLRSEDTAVYYCARDLRTVYYAMDVWGQGTLVTVSS,DIVLTQSPSLSASPGDRVTISCRASQSGISNYLAWYQQKPGKAPKLLIYGASSRPSGVPDRFSGSGSGTDFTLTISGLQPEDEADYYCQQYDSSPWTFGGGTKLEIK
l13_94,QVQLVESGGEVVKPGGSLRLSCAASGFTFSSYYMSWVRQAPGKGLEWVGWIYSSGNTNYAQSFKGRVTISRDTSKNTLYLEMNSLRSEDTAVYYCARAGRDYVGAMDYWGQGTLVTVSS,DIVLTQSPSLSASPGDRVTISCRASQSGISNYLAWYQQKPGKAPKLLIYGASSRPSGVPDRFSGSGSGTDFTLTISGLQPEDEADYYCQQYDSSPWTFGGGTKLEIK
l13_95,QVQLVESGGEVVKPGGSLRLSCAASGFTFSSYYMSWVRQAPGKGLEWVGWIYSSGNTNYAQSFKGRVTISRDTSKNTLYLEMNSLRSEDTAVYYCAREGLRSDWALDYWGQGTLVTVSS,DIVLTQSPSLSASPGDRVTISCRASQSGISNYLAWYQQKPGKAPKLLIYGASSRPSGVPDRFSGSGSGTDFTLTISGLQPEDEADYYCQQYDSSPWTFGGGTKLEIK
l13_96,QVQLVESGGEVVKPGGSLRLSCAASGFTFSSYYMSWVRQAPGKGLEWVGWIYSSGNTNYAQSFKGRVTISRDTSKNTLYLEMNSLRSEDTAVYYCARLLGVSVYAMDYWGQGTLVTVSS,DIVLTQSPSLSASPGDRVTISCRASQSGISNYLAWYQQKPGKAPKLLIYGASSRPSGVPDRFSGSGSGTDFTLTISGLQPEDEADYYCQQYDSSPWTFGGGTKLEIK
l13_97,QVQLVESGGEVVKPGGSLRLSCAASGFTFSSYYMSWVRQAPGKGLEWVGWIYSSGNTNYAQSFKGRVTISRDTSKNTLYLEMNSLRSEDTAVYYCARSDYYRYGYMDVWGQGTLVTVSS,DIVLTQSPSLSASPGDRVTISCRASQSGISNYLAWYQQKPGKAPKLLIYGASSRPSGVPDRFSGSGSGTDFTLTISGLQPEDEADYYCQQYDSSPWTFGGGTKLEIK
l13_98,QVQLVESGGEVVKPGGSLRLSCAASGFTFSSYYMSWVRQAPGKGLEWVGWIYSSGNTNYAQSFKGRVTISRDTSKNTLYLEMNSLRSEDTAVYYCARYYGYVLGGMDVWGQGTLVTVSS,DIVLTQSPSLSASPGDRVTISCRASQSGISNYLAWYQQKPGKAPKLLIYGASSRPSGVPDRFSGSGSGTDFTLTISGLQPEDEADYYCQQYDSSPWTFGGGTKLEIK
l13_99,QVQLVESGGEVVKPGGSLRLSCAASGFTFSSYYMSWVRQAPGKGLEWVGWIYSSGNTNYAQSFKGRVTISRDTSKNTLYLEMNSLRSEDTAVYYCARGVGGSRYYFDYWGQGTLVTVSS,DIVLTQSPSLSASPGDRVTISCRASQSGISNYLAWYQQKPGKAPKLLIYGASSRPSGVPDRFSGSGSGTDFTLTISGLQPEDEADYYCQQYDSSPWTFGGGTKLEIK
l13_100,QVQLVESGGEVVKPGGSLRLSCAASGFTFSSYYMSWVRQAPGKGLEWVGWIYSSGNTNYAQSFKGRVTISRDTSKNTLYLEMNSLRSEDTAVYYCARRGTADYWYFDVWGQGTLVTVSS,DIVLTQSPSLSASPGDRVTISCRASQSGISNYLAWYQQKPGKAPKLLIYGASSRPSGVPDRFSGSGSGTDFTLTISGLQPEDEADYYCQQYDSSPWTFGGGTKLEIK
