name,H,L,zdock_binding_affinity,zdock_ranking,hdock_binding_affinity,hdock_ranking
l12_1,QVQLVESGGEVVKPGGSLRLSCAASGFTFSSYYMSWVRQAPGKGLEWVGWIYSSGNTNYAQSFKGRVTISRDTSKNTLYLEMNSLRSEDTAVYYCARGGYGYGYFDVWGQGTLVTVSS,DIVLTQSPSLSASPGDRVTISCRASQSGISNYLAWYQQKPGKAPKLLIYGASSRPSGVPDRFSGSGSGTDFTLTISGLQPEDEADYYCQQYDSSPWTFGGGTKLEIK,,,,
l12_2,QVQLVESGGEVVKPGGSLRLSCAASGFTFSSYYMSWVRQAPGKGLEWVGWIYSSGNTNYAQSFKGRVTISRDTSKNTLYLEMNSLRSEDTAVYYCARDYGSSYAMDYWGQGTLVTVSS,DIVLTQSPSLSASPGDRVTISCRASQSGISNYLAWYQQKPGKAPKLLIYGASSRPSGVPDRFSGSGSGTDFTLTISGLQPEDEADYYCQQYDSSPWTFGGGTKLEIK,,,,
l12_3,QVQLVESGGEVVKPGGSLRLSCAASGFTFSSYYMSWVRQAPGKGLEWVGWIYSSGNTNYAQSFKGRVTISRDTSKNTLYLEMNSLRSEDTAVYYCARFGDYYGYFDVWGQGTLVTVSS,DIVLTQSPSLSASPGDRVTISCRASQSGISNYLAWYQQKPGKAPKLLIYGASSRPSGVPDRFSGSGSGTDFTLTISGLQPEDEADYYCQQYDSSPWTFGGGTKLEIK,,,,
l12_4,QVQLVESGGEVVKPGGSLRLSCAASGFTFSSYYMSWVRQAPGKGLEWVGWIYSSGNTNYAQSFKGRVTISRDTSKNTLYLEMNSLRSEDTAVYYCARLYDYGYAMDYWGQGTLVTVSS,DIVLTQSPSLSASPGDRVTISCRASQSGISNYLAWYQQKPGKAPKLLIYGASSRPSGVPDRFSGSGSGTDFTLTISGLQPEDEADYYCQQYDSSPWTFGGGTKLEIK,,,,
l12_5,QVQLVESGGEVVKPGGSLRLSCAASGFTFSSYYMSWVRQAPGKGLEWVGWIYSSGNTNYAQSFKGRVTISRDTSKNTLYLEMNSLRSEDTAVYYCARGYDYGYYFDVWGQGTLVTVSS,DIVLTQSPSLSASPGDRVTISCRASQSGISNYLAWYQQKPGKAPKLLIYGASSRPSGVPDRFSGSGSGTDFTLTISGLQPEDEADYYCQQYDSSPWTFGGGTKLEIK,,,,
l13_1,QVQLVESGGEVVKPGGSLRLSCAASGFTFSSYYMSWVRQAPGKGLEWVGWIYSSGNTNYAQSFKGRVTISRDTSKNTLYLEMNSLRSEDTAVYYCARLYYGDYGYFDVWGQGTLVTVSS,DIVLTQSPSLSASPGDRVTISCRASQSGISNYLAWYQQKPGKAPKLLIYGASSRPSGVPDRFSGSGSGTDFTLTISGLQPEDEADYYCQQYDSSPWTFGGGTKLEIK,,,,
l13_2,QVQLVESGGEVVKPGGSLRLSCAASGFTFSSYYMSWVRQAPGKGLEWVGWIYSSGNTNYAQSFKGRVTISRDTSKNTLYLEMNSLRSEDTAVYYCARLYYDYGYYFDVWGQGTLVTVSS,DIVLTQSPSLSASPGDRVTISCRASQSGISNYLAWYQQKPGKAPKLLIYGASSRPSGVPDRFSGSGSGTDFTLTISGLQPEDEADYYCQQYDSSPWTFGGGTKLEIK,,,,
l13_3,QVQLVESGGEVVKPGGSLRLSCAASGFTFSSYYMSWVRQAPGKGLEWVGWIYSSGNTNYAQSFKGRVTISRDTSKNTLYLEMNSLRSEDTAVYYCARKYYYGYGYFDVWGQGTLVTVSS,DIVLTQSPSLSASPGDRVTISCRASQSGISNYLAWYQQKPGKAPKLLIYGASSRPSGVPDRFSGSGSGTDFTLTISGLQPEDEADYYCQQYDSSPWTFGGGTKLEIK,,,,
l13_4,QVQLVESGGEVVKPGGSLRLSCAASGFTFSSYYMSWVRQAPGKGLEWVGWIYSSGNTNYAQSFKGRVTISRDTSKNTLYLEMNSLRSEDTAVYYCARDYYYDYYYFDVWGQGTLVTVSS,DIVLTQSPSLSASPGDRVTISCRASQSGISNYLAWYQQKPGKAPKLLIYGASSRPSGVPDRFSGSGSGTDFTLTISGLQPEDEADYYCQQYDSSPWTFGGGTKLEIK,,,,
l13_5,QVQLVESGGEVVKPGGSLRLSCAASGFTFSSYYMSWVRQAPGKGLEWVGWIYSSGNTNYAQSFKGRVTISRDTSKNTLYLEMNSLRSEDTAVYYCARDYYYDYWYFDVWGQGTLVTVSS,DIVLTQSPSLSASPGDRVTISCRASQSGISNYLAWYQQKPGKAPKLLIYGASSRPSGVPDRFSGSGSGTDFTLTISGLQPEDEADYYCQQYDSSPWTFGGGTKLEIK,,,,
0,,,-8.6,5.5,-8.6,4.0
1,,,-9.3,3.0,-11.3,3.0
2,,,-7.7,10.0,-8.3,5.0
3,,,-12.4,1.0,-6.8,9.0
4,,,-8.6,5.5,-6.8,9.0
5,,,-9.5,2.0,-12.6,1.0
6,,,-8.8,4.0,-11.7,2.0
7,,,-8.1,8.5,-6.9,7.0
8,,,-8.5,7.0,-7.0,6.0
9,,,-8.1,8.5,-6.8,9.0
